"state","communityname","PctUnemployed","PctEmploy","PctEmplManu","PctEmplProfServ","PctOccupManu","PctOccupMgmtProf"
8,"Lakewoodcity",0.27,0.68,0.23,0.41,0.25,0.52
53,"Tukwilacity",0.27,0.73,0.57,0.15,0.42,0.36
24,"Aberdeentown",0.36,0.58,0.32,0.29,0.49,0.32
34,"Willingborotownship",0.33,0.71,0.36,0.45,0.37,0.39
42,"Bethlehemtownship",0.12,0.65,0.67,0.38,0.42,0.46
6,"SouthPasadenacity",0.1,0.65,0.19,0.77,0.06,0.91
44,"Lincolntown",0.28,0.54,0.44,0.53,0.33,0.49
6,"Selmacity",1,0.26,0.43,0.34,0.71,0.18
21,"Hendersoncity",0.55,0.43,0.59,0.36,0.64,0.29
29,"Claytoncity",0.11,0.44,0.2,1,0.02,0.96
6,"DalyCitycity",0.32,0.62,0.2,0.29,0.35,0.3
36,"RockvilleCentrevillage",0.18,0.51,0.18,0.67,0.13,0.79
25,"Needhamtown",0.24,0.55,0.29,0.73,0.1,0.88
55,"GrandChutetown",0.13,0.76,0.67,0.24,0.42,0.47
6,"DanaPointcity",0.19,0.68,0.28,0.35,0.15,0.61
19,"FortDodgecity",0.32,0.42,0.38,0.48,0.48,0.36
36,"Albanycity",0.37,0.44,0.08,0.73,0.21,0.53
34,"Denvilletownship",0.11,0.68,0.42,0.37,0.21,0.66
18,"Valparaisocity",0.19,0.48,0.36,0.77,0.25,0.56
42,"Rostravertownship",0.72,0.25,0.39,0.35,0.49,0.34
6,"Modestocity",0.59,0.43,0.38,0.41,0.43,0.36
12,"Jacksonvillecity",0.3,0.59,0.18,0.33,0.35,0.38
41,"KlamathFallscity",0.63,0.32,0.45,0.44,0.56,0.34
19,"SiouxCitycity",0.33,0.53,0.43,0.47,0.44,0.33
6,"Delanocity",1,0.22,0.09,0.26,0.32,0.16
8,"Goldencity",0.3,0.56,0.33,0.53,0.31,0.58
6,"Gardenacity",0.35,0.57,0.62,0.23,0.42,0.32
39,"Perrytownship",0.34,0.37,0.78,0.35,0.71,0.25
54,"Beckleycity",0.54,0.13,0.05,0.77,0.18,0.57
9,"EastHamptontown",0.22,0.81,0.52,0.47,0.27,0.57
1,"Cullmancity",0.24,0.27,0.45,0.37,0.5,0.42
19,"DesMoinescity",0.28,0.6,0.28,0.4,0.39,0.34
1,"Auburncity",0.42,0.23,0.19,1,0.25,0.67
51,"Lynchburgcity",0.36,0.38,0.44,0.63,0.43,0.42
6,"FosterCitycity",0.16,0.81,0.28,0.3,0.09,0.73
18,"Evansvillecity",0.45,0.43,0.46,0.43,0.53,0.31
6,"LaVernecity",0.2,0.59,0.36,0.49,0.27,0.57
41,"Woodburncity",0.34,0.19,0.58,0.26,0.67,0.24
40,"Altuscity",0.5,0.45,0.1,0.54,0.29,0.39
34,"Plainsborotownship",0.16,0.98,0.47,0.5,0.1,0.85
34,"LittleEggHarbortownship",0.51,0.35,0.21,0.3,0.35,0.27
44,"EastProvidencecity",0.33,0.49,0.61,0.43,0.59,0.32
1,"Fairfieldcity",0.56,0.33,0.27,0.66,0.45,0.35
6,"Carlsbadcity",0.27,0.6,0.3,0.39,0.18,0.64
34,"Paramusborough",0.18,0.48,0.35,0.42,0.19,0.57
8,"FortCollinscity",0.34,0.56,0.35,0.68,0.21,0.58
34,"Winslowtownship",0.32,0.58,0.28,0.51,0.4,0.44
35,"Artesiacity",0.45,0.3,0.13,0.38,0.54,0.36
8,"Littletoncity",0.26,0.62,0.31,0.47,0.2,0.6
33,"Claremontcity",0.47,0.44,0.72,0.37,0.76,0.31
18,"Kokomocity",0.54,0.41,0.78,0.31,0.6,0.28
6,"Riversidecity",0.44,0.51,0.37,0.45,0.42,0.4
34,"Pennsaukentownship",0.23,0.52,0.4,0.33,0.43,0.35
34,"Medfordtownship",0.24,0.59,0.29,0.55,0.14,0.76
39,"Franklincity",0.53,0.38,0.78,0.17,0.77,0.15
48,"MineralWellscity",0.65,0.24,0.63,0.38,0.64,0.28
6,"Concordcity",0.25,0.69,0.2,0.32,0.26,0.47
53,"Centraliacity",0.44,0.33,0.36,0.3,0.54,0.25
1,"Huntsvillecity",0.33,0.57,0.43,0.46,0.23,0.66
34,"Manvilleborough",0.22,0.57,0.62,0.29,0.59,0.22
34,"Hawthorneborough",0.2,0.55,0.43,0.35,0.33,0.53
51,"Stauntoncity",0.18,0.37,0.36,0.6,0.51,0.36
41,"LaGrandecity",0.47,0.38,0.26,0.66,0.52,0.43
4,"CasaGrandecity",0.51,0.48,0.43,0.41,0.55,0.33
6,"Banningcity",0.74,0.08,0.25,0.34,0.5,0.22
6,"ManhattanBeachcity",0.08,0.78,0.46,0.44,0.07,0.98
37,"Gastoniacity",0.31,0.5,0.84,0.23,0.77,0.31
34,"Mahwahtownship",0.21,0.73,0.39,0.4,0.13,0.71
34,"PerthAmboycity",0.75,0.47,0.76,0.28,1,0.17
36,"Oneidacity",0.23,0.43,0.53,0.5,0.6,0.32
29,"Chesterfieldcity",0.07,0.6,0.46,0.46,0.04,0.86
6,"Petalumacity",0.2,0.66,0.26,0.39,0.33,0.47
19,"CedarFallscity",0.29,0.49,0.31,0.72,0.28,0.45
9,"Guilfordtown",0.18,0.72,0.4,0.62,0.19,0.73
9,"Meridentown",0.3,0.58,0.57,0.39,0.48,0.33
25,"Yarmouthtown",0.51,0.21,0.12,0.34,0.27,0.36
40,"DelCitycity",0.51,0.47,0.3,0.24,0.51,0.25
48,"PortArthurcity",0.89,0.19,0.39,0.4,0.54,0.22
8,"Pueblocity",0.62,0.23,0.28,0.57,0.45,0.34
8,"Auroracity",0.26,0.77,0.19,0.34,0.26,0.44
36,"Yonkerscity",0.4,0.44,0.26,0.55,0.3,0.46
49,"Ogdencity",0.54,0.41,0.41,0.31,0.5,0.35
48,"Vernoncity",0.33,0.32,0.27,0.85,0.51,0.28
39,"Polandtownship",0.23,0.43,0.34,0.55,0.28,0.55
46,"Vermillioncity",0.43,0.42,0.03,1,0.2,0.59
29,"Carthagecity",0.32,0.32,0.78,0.24,0.81,0.27
4,"LakeHavasuCitycity",0.15,0.3,0.25,0.21,0.36,0.27
6,"SealBeachcity",0.12,0.21,0.37,0.56,0.12,0.78
41,"Lebanoncity",0.71,0.29,0.65,0.44,0.69,0.28
6,"Yucaipacity",0.3,0.25,0.18,0.41,0.39,0.35
12,"KeyWestcity",0.12,0.72,0.02,0.22,0.19,0.35
28,"Clintoncity",0.16,0.69,0.19,0.67,0.19,0.59
44,"EastGreenwichtown",0.21,0.57,0.39,0.51,0.14,0.71
41,"Gladstonecity",0.18,0.57,0.32,0.41,0.39,0.41
6,"RohnertParkcity",0.31,0.69,0.28,0.27,0.32,0.35
25,"Maldencity",0.49,0.56,0.3,0.45,0.33,0.45
6,"Eurekacity",0.56,0.34,0.26,0.51,0.38,0.36
19,"Amescity",0.23,0.51,0.08,1,0.18,0.65
9,"Wolcotttown",0.35,0.65,0.64,0.3,0.47,0.35
33,"Manchestercity",0.45,0.59,0.41,0.36,0.42,0.37
40,"Lawtoncity",0.61,0.47,0.19,0.53,0.37,0.44
34,"Wallingtonborough",0.52,0.51,0.63,0.19,0.51,0.35
12,"Hollywoodcity",0.37,0.37,0.2,0.35,0.3,0.37
48,"Amarillocity",0.42,0.52,0.25,0.42,0.4,0.35
46,"Yanktoncity",0.07,0.58,0.44,0.62,0.45,0.36
22,"Bogalusacity",1,0.03,0.36,0.61,0.55,0.25
6,"SanLuisObispocity",0.34,0.4,0.11,0.6,0.21,0.49
42,"WestGoshentownship",0.07,0.74,0.39,0.46,0.25,0.73
48,"ElCampocity",0.53,0.4,0.33,0.36,0.63,0.22
4,"Tucsoncity",0.53,0.43,0.19,0.56,0.28,0.4
12,"BoyntonBeachcity",0.31,0.26,0.14,0.39,0.23,0.37
42,"WestManchestertownship",0.15,0.51,0.66,0.32,0.53,0.37
25,"Eastontown",0.26,0.68,0.3,0.55,0.26,0.57
6,"SantaClaracity",0.24,0.69,0.9,0.24,0.27,0.57
6,"Marysvillecity",0.8,0.27,0.15,0.52,0.42,0.3
34,"WestWindsortownship",0.12,0.68,0.31,0.69,0.05,0.99
6,"Inglewoodcity",0.68,0.52,0.39,0.38,0.46,0.29
42,"Marpletownship",0.09,0.5,0.26,0.57,0.16,0.63
12,"OrmondBeachcity",0.22,0.27,0.17,0.52,0.18,0.63
6,"SantaMonicacity",0.27,0.59,0.19,0.69,0.12,0.81
12,"Davietown",0.26,0.69,0.18,0.32,0.24,0.43
34,"ScotchPlainstownship",0.19,0.63,0.31,0.54,0.15,0.72
39,"Delhitownship",0.13,0.63,0.38,0.41,0.27,0.45
45,"Mauldincity",0.11,0.79,0.68,0.29,0.42,0.57
33,"Keenecity",0.4,0.55,0.45,0.51,0.39,0.44
39,"Oregoncity",0.41,0.44,0.46,0.43,0.54,0.26
42,"LowerPaxtontownship",0.06,0.72,0.19,0.45,0.26,0.59
6,"LomaLindacity",0.26,0.45,0.12,1,0.21,0.75
6,"Watsonvillecity",0.75,0.46,0.36,0.27,0.61,0.19
39,"Dovercity",0.42,0.34,0.6,0.44,0.55,0.4
28,"Natchezcity",0.86,0.19,0.31,0.53,0.37,0.51
25,"Belchertowntown",0.19,0.7,0.36,0.7,0.31,0.5
16,"Caldwellcity",0.4,0.49,0.52,0.31,0.63,0.26
6,"LaMiradacity",0.25,0.57,0.53,0.32,0.38,0.39
34,"Cliftoncity",0.26,0.51,0.54,0.3,0.38,0.42
34,"NewMilfordborough",0.34,0.54,0.32,0.42,0.21,0.52
25,"Wilbrahamtown",0.21,0.58,0.52,0.51,0.22,0.68
6,"Campbellcity",0.16,0.77,0.68,0.31,0.2,0.56
47,"UnionCitycity",0.49,0.35,0.81,0.28,0.84,0.24
6,"Orindacity",0.13,0.49,0.17,0.78,0.05,1
6,"Folsomcity",0.22,0.22,0.25,0.4,0.18,0.66
33,"Salemtown",0.39,0.71,0.63,0.23,0.35,0.45
5,"WestMemphiscity",0.55,0.45,0.3,0.35,0.59,0.28
34,"Vernontownship",0.28,0.69,0.38,0.33,0.3,0.49
6,"Cloviscity",0.35,0.65,0.18,0.47,0.32,0.41
25,"Lowellcity",0.73,0.43,0.69,0.41,0.53,0.33
22,"BatonRougecity",0.62,0.38,0.2,0.65,0.28,0.51
42,"Pottsvillecity",0.46,0.3,0.58,0.47,0.7,0.27
12,"Bartowcity",0.38,0.32,0.38,0.39,0.52,0.29
12,"PlantCitycity",0.31,0.47,0.38,0.28,0.57,0.31
48,"SanAngelocity",0.5,0.49,0.27,0.48,0.42,0.35
37,"Fayettevillecity",0.47,0.48,0.26,0.59,0.43,0.48
39,"Wadsworthcity",0.34,0.46,0.64,0.43,0.51,0.43
44,"Cumberlandtown",0.32,0.58,0.64,0.36,0.47,0.46
12,"LakeCitycity",0.53,0.23,0.18,0.51,0.44,0.37
34,"Passaiccity",0.75,0.48,0.86,0.19,0.99,0.19
6,"Lafayettecity",0.07,0.61,0.14,0.66,0.09,0.93
37,"Hendersoncity",0.51,0.4,0.76,0.33,0.87,0.26
12,"Clearwatercity",0.27,0.34,0.22,0.37,0.22,0.39
40,"Owassocity",0.2,0.64,0.42,0.31,0.33,0.34
29,"Rollacity",0.42,0.23,0.14,0.8,0.25,0.51
9,"Branfordtown",0.22,0.67,0.35,0.6,0.25,0.6
25,"Braintreetown",0.42,0.5,0.27,0.4,0.24,0.5
25,"Dedhamtown",0.32,0.53,0.25,0.47,0.24,0.5
34,"Springfieldtownship",0.17,0.54,0.27,0.52,0.15,0.69
6,"SanDimascity",0.16,0.68,0.38,0.44,0.24,0.58
51,"Blacksburgtown",0.43,0.14,0.12,1,0.15,0.75
48,"Weatherfordcity",0.3,0.38,0.41,0.32,0.38,0.36
37,"Salisburycity",0.23,0.35,0.68,0.49,0.68,0.38
39,"Newarkcity",0.52,0.39,0.45,0.39,0.53,0.33
54,"Huntingtoncity",0.73,0.14,0.24,0.72,0.33,0.52
42,"Stroudtownship",0.27,0.54,0.4,0.34,0.41,0.37
18,"Wabashcity",0.42,0.49,0.96,0.29,0.99,0.18
48,"Edinburgcity",0.88,0.26,0.15,0.78,0.38,0.5
25,"Lynncity",0.62,0.4,0.5,0.39,0.43,0.31
34,"Woodbridgetownship",0.27,0.56,0.4,0.29,0.37,0.41
42,"Hampdentownship",0.06,0.7,0.2,0.37,0.26,0.59
34,"JerseyCitycity",0.74,0.43,0.34,0.36,0.52,0.36
53,"PortAngelescity",0.48,0.31,0.34,0.42,0.42,0.34
40,"TheVillagecity",0.18,0.6,0.13,0.48,0.22,0.51
39,"Sanduskycity",0.58,0.43,0.66,0.33,0.71,0.23
35,"SilverCitytown",0.77,0.23,0.04,0.69,0.33,0.34
48,"Taylorcity",0.48,0.4,0.56,0.35,0.61,0.27
34,"BerkeleyHeightstownship",0.11,0.56,0.32,0.56,0.13,0.9
9,"Manchestertown",0.19,0.65,0.38,0.4,0.27,0.48
37,"Greensborocity",0.25,0.63,0.43,0.42,0.42,0.44
12,"CoralSpringscity",0.2,0.73,0.2,0.36,0.15,0.54
18,"Scherervilletown",0.15,0.7,0.58,0.42,0.37,0.47
42,"NetherProvidencetownship",0.05,0.52,0.3,0.75,0.17,0.85
39,"NorthRidgevillecity",0.22,0.7,0.57,0.26,0.52,0.3
34,"Dovertown",0.46,0.65,0.71,0.18,0.73,0.21
25,"Marlboroughcity",0.38,0.7,0.75,0.29,0.28,0.57
39,"Athenscity",0.56,0.09,0.08,1,0.18,0.67
48,"Wataugacity",0.15,0.88,0.51,0.11,0.32,0.36
49,"NorthOgdencity",0.24,0.64,0.45,0.43,0.24,0.61
25,"NorthReadingtown",0.32,0.69,0.41,0.4,0.22,0.62
50,"Colchestertown",0.19,0.71,0.31,0.51,0.27,0.51
13,"Savannahcity",0.5,0.4,0.23,0.53,0.4,0.34
6,"Reddingcity",0.58,0.36,0.19,0.5,0.33,0.43
37,"Lexingtoncity",0.37,0.48,1,0.2,1,0.23
12,"NorthLauderdalecity",0.29,0.78,0.25,0.21,0.25,0.28
34,"LittleFallstownship",0.21,0.58,0.31,0.44,0.22,0.56
18,"LakeStationcity",0.49,0.43,0.61,0.22,0.87,0.06
6,"Artesiacity",0.41,0.44,0.52,0.29,0.68,0.25
42,"Ephrataborough",0.07,0.7,0.81,0.23,0.83,0.22
41,"Eugenecity",0.4,0.46,0.27,0.67,0.31,0.54
6,"Torrancecity",0.2,0.62,0.59,0.29,0.17,0.63
39,"VanWertcity",0.34,0.48,0.83,0.39,0.85,0.28
25,"Melrosecity",0.27,0.57,0.29,0.63,0.17,0.65
45,"Clemsoncity",0.35,0.34,0.27,1,0.23,0.77
24,"Hyattsvillecity",0.3,0.71,0.11,0.47,0.28,0.44
54,"Viennacity",0.25,0.42,0.54,0.44,0.41,0.52
12,"OaklandParkcity",0.26,0.66,0.24,0.21,0.29,0.31
34,"Rutherfordborough",0.22,0.53,0.34,0.39,0.24,0.58
48,"Mansfieldcity",0.31,0.64,0.53,0.27,0.42,0.44
6,"Lodicity",0.4,0.44,0.37,0.34,0.55,0.31
48,"RoundRockcity",0.21,0.81,0.47,0.29,0.34,0.39
49,"SpanishForkcity",0.4,0.5,0.68,0.3,0.72,0.21
51,"Danvillecity",0.58,0.35,0.8,0.35,0.85,0.26
23,"SouthPortlandcity",0.23,0.6,0.2,0.43,0.32,0.4
55,"Watertowncity",0.2,0.58,0.79,0.54,0.72,0.27
36,"Peekskillcity",0.3,0.56,0.28,0.5,0.37,0.43
42,"Lancastercity",0.4,0.45,0.63,0.36,0.77,0.25
39,"Amherstcity",0.28,0.42,0.62,0.5,0.45,0.42
55,"FondduLaccity",0.29,0.51,0.62,0.41,0.59,0.29
1,"Sheffieldcity",0.48,0.31,0.5,0.39,0.68,0.28
48,"Pariscity",0.56,0.24,0.51,0.52,0.62,0.32
44,"Pawtucketcity",0.52,0.53,0.81,0.27,0.73,0.24
45,"Newberrytown",0.61,0.28,0.7,0.43,0.82,0.28
13,"Decaturcity",0.35,0.5,0.16,0.83,0.24,0.75
19,"FortMadisoncity",0.48,0.29,0.73,0.29,0.75,0.25
42,"Logantownship",0.38,0.34,0.3,0.44,0.53,0.26
53,"Wenatcheecity",0.61,0.38,0.17,0.44,0.45,0.38
9,"NewHaventown",0.62,0.39,0.36,0.8,0.4,0.48
25,"Dracuttown",0.54,0.65,0.69,0.29,0.32,0.41
48,"Enniscity",0.42,0.46,0.68,0.26,0.76,0.21
6,"Marinacity",0.17,0.79,0.12,0.33,0.26,0.28
55,"Caledoniatown",0.24,0.67,0.81,0.25,0.5,0.4
25,"Westfieldcity",0.3,0.52,0.6,0.4,0.45,0.39
53,"Auburncity",0.28,0.6,0.67,0.2,0.55,0.28
25,"Andovertown",0.21,0.61,0.48,0.71,0.1,0.96
42,"Lebanoncity",0.27,0.47,0.7,0.37,0.84,0.17
6,"Visaliacity",0.43,0.44,0.23,0.54,0.31,0.45
6,"ElMontecity",0.63,0.43,0.82,0.1,1,0.1
39,"Xeniacity",0.48,0.4,0.53,0.46,0.59,0.26
6,"Napacity",0.27,0.5,0.29,0.46,0.33,0.4
6,"Bellflowercity",0.35,0.56,0.54,0.26,0.51,0.28
12,"NewPortRicheycity",0.36,0.09,0.11,0.52,0.32,0.3
45,"Spartanburgcity",0.43,0.39,0.62,0.48,0.65,0.4
55,"LaCrossecity",0.38,0.46,0.37,0.59,0.46,0.37
37,"Charlottecity",0.22,0.68,0.31,0.33,0.37,0.45
12,"Lakelandcity",0.41,0.3,0.26,0.45,0.42,0.4
18,"Carmelcity",0.07,0.71,0.33,0.42,0.09,0.76
34,"Somervilleborough",0.32,0.59,0.42,0.48,0.39,0.48
42,"Hamptontownship",0.15,0.59,0.28,0.6,0.2,0.72
45,"NorthCharlestoncity",0.27,0.71,0.31,0.24,0.48,0.25
29,"PoplarBluffcity",0.56,0.24,0.26,0.63,0.45,0.35
42,"EastLampetertownship",0.08,0.68,0.56,0.24,0.52,0.35
54,"Clarksburgcity",0.76,0.13,0.17,0.55,0.46,0.35
48,"Pecoscity",0.93,0.25,0.05,0.23,0.46,0.22
18,"LaPortecity",0.29,0.48,0.73,0.31,0.74,0.23
12,"WinterHavencity",0.41,0.22,0.18,0.44,0.28,0.4
51,"Richmondcity",0.4,0.43,0.26,0.53,0.4,0.42
9,"Cheshiretown",0.17,0.54,0.33,0.62,0.13,0.81
44,"Coventrytown",0.34,0.6,0.59,0.28,0.47,0.3
47,"OakRidgecity",0.28,0.42,0.45,0.69,0.18,0.7
1,"Montgomerycity",0.44,0.49,0.21,0.48,0.35,0.45
29,"Overlandcity",0.39,0.52,0.51,0.21,0.5,0.24
29,"Maryvillecity",0.34,0.39,0.24,0.7,0.34,0.43
25,"Greenfieldtown",0.36,0.45,0.32,0.64,0.36,0.4
25,"Stoughtontown",0.35,0.61,0.42,0.37,0.42,0.42
47,"Kingsportcity",0.4,0.25,0.68,0.35,0.45,0.41
12,"WiltonManorscity",0.22,0.62,0.15,0.37,0.27,0.36
18,"MichiganCitycity",0.51,0.37,0.77,0.29,0.74,0.23
25,"EastBridgewatertown",0.46,0.67,0.42,0.36,0.42,0.33
6,"Pittsburgcity",0.44,0.56,0.3,0.27,0.4,0.28
1,"PhenixCitycity",0.58,0.35,0.63,0.37,0.67,0.24
9,"Stratfordtown",0.28,0.51,0.58,0.38,0.32,0.46
9,"Plainfieldtown",0.51,0.56,0.76,0.27,0.72,0.2
38,"Bismarckcity",0.24,0.66,0.07,0.57,0.22,0.51
48,"Stephenvillecity",0.46,0.37,0.3,0.61,0.44,0.41
25,"Dennistown",0.57,0.2,0.09,0.37,0.23,0.39
42,"Dunmoreborough",0.22,0.38,0.37,0.6,0.45,0.45
8,"Englewoodcity",0.28,0.58,0.3,0.36,0.37,0.34
34,"Carteretborough",0.41,0.47,0.53,0.15,0.62,0.24
48,"LaMarquecity",0.66,0.38,0.37,0.53,0.41,0.33
34,"LongBranchcity",0.56,0.48,0.21,0.48,0.36,0.42
33,"Bedfordtown",0.2,0.7,0.35,0.48,0.1,0.77
48,"Greenvillecity",0.39,0.45,0.79,0.31,0.57,0.39
25,"Westporttown",0.48,0.53,0.46,0.32,0.44,0.42
34,"Lowertownship",0.5,0.31,0.12,0.39,0.38,0.25
51,"Williamsburgcity",0.28,0.18,0.05,1,0.14,0.66
42,"UpperAllentownship",0.16,0.59,0.15,0.67,0.23,0.59
42,"Allentowncity",0.38,0.44,0.51,0.41,0.55,0.3
39,"Libertytownship",0.45,0.33,0.47,0.55,0.45,0.4
34,"Sayrevilleborough",0.21,0.63,0.45,0.25,0.45,0.37
6,"LongBeachcity",0.41,0.53,0.46,0.39,0.38,0.45
34,"Montvilletownship",0.26,0.65,0.41,0.38,0.23,0.71
6,"Fillmorecity",0.41,0.5,0.3,0.19,0.67,0.17
53,"Vancouvercity",0.49,0.36,0.43,0.32,0.58,0.32
39,"Delawarecity",0.23,0.53,0.55,0.53,0.55,0.36
1,"FortPaynecity",0.19,0.47,1,0.15,1,0.22
1,"Northportcity",0.37,0.44,0.28,0.81,0.35,0.49
13,"Daltoncity",0.35,0.56,1,0.21,0.81,0.36
40,"Bethanycity",0.38,0.55,0.23,0.51,0.34,0.39
6,"BeverlyHillscity",0.19,0.48,0.16,0.55,0,0.92
48,"Baytowncity",0.51,0.45,0.47,0.3,0.48,0.27
39,"Zanesvillecity",0.91,0.22,0.61,0.44,0.79,0.27
34,"MountLaureltownship",0.1,0.74,0.31,0.43,0.15,0.69
25,"Belmonttown",0.2,0.54,0.25,0.93,0.07,0.95
29,"Arnoldcity",0.34,0.63,0.44,0.29,0.5,0.26
34,"Gloucestertownship",0.3,0.65,0.3,0.39,0.32,0.42
34,"Bayonnecity",0.35,0.43,0.35,0.3,0.43,0.38
39,"Cantoncity",0.77,0.25,0.59,0.36,0.66,0.25
34,"NorthPlainfieldborough",0.19,0.7,0.45,0.43,0.34,0.49
36,"NiagaraFallscity",0.74,0.27,0.52,0.45,0.58,0.23
37,"Monroecity",0.37,0.54,0.73,0.27,0.81,0.28
6,"Sangercity",1,0.36,0.41,0.2,0.77,0.17
39,"Brooklyncity",0.21,0.35,0.64,0.27,0.59,0.21
6,"Ukiahcity",0.46,0.38,0.37,0.53,0.56,0.35
21,"Georgetowncity",0.24,0.5,0.52,0.41,0.56,0.25
40,"Duncancity",0.46,0.26,0.27,0.39,0.39,0.42
23,"Biddefordcity",0.39,0.52,0.69,0.34,0.66,0.22
48,"Killeencity",0.64,0.59,0.1,0.44,0.33,0.31
6,"Antiochcity",0.41,0.61,0.34,0.26,0.36,0.34
4,"Nogalescity",0.96,0.3,0.22,0.14,0.5,0.25
19,"Oskaloosacity",0.42,0.38,0.63,0.46,0.69,0.36
47,"Hendersonvillecity",0.18,0.71,0.32,0.35,0.31,0.5
34,"Glassboroborough",0.53,0.45,0.35,0.56,0.37,0.42
6,"SanGabrielcity",0.38,0.45,0.36,0.35,0.38,0.38
39,"HuberHeightscity",0.25,0.71,0.46,0.3,0.4,0.39
48,"Hurstcity",0.32,0.68,0.4,0.24,0.27,0.44
34,"Westfieldtown",0.13,0.63,0.33,0.63,0.11,0.86
34,"AtlanticCitycity",0.65,0.37,0.06,0.16,0.24,0.18
48,"Palestinecity",0.43,0.38,0.19,0.4,0.44,0.32
42,"Haverfordtownship",0.12,0.54,0.21,0.75,0.16,0.7
49,"Provocity",0.35,0.39,0.25,0.87,0.3,0.47
39,"Westervillecity",0.1,0.7,0.24,0.54,0.17,0.66
9,"WestHaventown",0.32,0.58,0.41,0.4,0.39,0.35
48,"Portlandcity",0.31,0.6,0.23,0.39,0.27,0.47
34,"Dovertownship",0.29,0.47,0.18,0.49,0.27,0.48
39,"Perkinstownship",0.2,0.39,0.63,0.43,0.47,0.43
25,"Harvardtown",0.03,0.95,0.49,0.7,0.14,1
36,"NorthTonawandacity",0.34,0.54,0.59,0.47,0.48,0.33
55,"Menashacity",0.24,0.59,0.92,0.25,0.73,0.24
55,"GreenBaycity",0.32,0.56,0.51,0.34,0.52,0.31
53,"Seattlecity",0.28,0.57,0.28,0.59,0.26,0.6
8,"Greeleycity",0.34,0.52,0.32,0.52,0.41,0.39
34,"HasbrouckHeightsborough",0.25,0.54,0.34,0.31,0.31,0.49
53,"Pullmancity",0.28,0.24,0.03,1,0.15,0.73
9,"Cromwelltown",0.14,0.63,0.38,0.43,0.26,0.57
39,"Woostercity",0.36,0.47,0.59,0.56,0.56,0.41
46,"Aberdeencity",0.18,0.57,0.21,0.63,0.33,0.42
39,"Madisontownship",0.28,0.63,0.37,0.23,0.53,0.26
49,"Oremcity",0.24,0.57,0.36,0.64,0.34,0.51
36,"Genevacity",0.43,0.33,0.29,0.84,0.4,0.4
25,"Peabodycity",0.31,0.58,0.47,0.36,0.37,0.43
34,"SaddleBrooktownship",0.33,0.53,0.37,0.29,0.3,0.41
18,"Logansportcity",0.65,0.38,0.78,0.38,0.74,0.18
40,"Mustangcity",0.24,0.73,0.33,0.3,0.32,0.31
1,"Enterprisecity",0.32,0.5,0.41,0.4,0.46,0.47
29,"Fergusoncity",0.41,0.5,0.45,0.37,0.4,0.4
1,"Birminghamcity",0.62,0.33,0.26,0.57,0.45,0.33
41,"Newbergcity",0.24,0.56,0.6,0.38,0.46,0.33
41,"Keizercity",0.33,0.56,0.24,0.38,0.34,0.38
18,"SouthBendcity",0.51,0.44,0.5,0.5,0.53,0.38
42,"Eriecity",0.59,0.35,0.56,0.5,0.54,0.32
48,"Uvaldecity",0.95,0.23,0.14,0.5,0.43,0.32
48,"CollegeStationcity",0.36,0.22,0.05,1,0.17,0.63
29,"Florissantcity",0.17,0.59,0.54,0.31,0.34,0.37
48,"Texarkanacity",0.54,0.3,0.37,0.52,0.51,0.38
13,"Smyrnacity",0.2,0.81,0.22,0.25,0.19,0.55
55,"SunPrairiecity",0.11,0.78,0.41,0.32,0.46,0.38
33,"Hudsontown",0.42,0.79,0.75,0.2,0.36,0.53
13,"Gainesvillecity",0.29,0.5,0.52,0.46,0.52,0.43
6,"LaCanadaFlintridgecity",0.12,0.53,0.21,0.78,0.06,1
9,"Glastonburytown",0.12,0.68,0.3,0.51,0.12,0.78
49,"Tooelecity",0.68,0.42,0.65,0.17,0.55,0.28
34,"Englewoodcity",0.31,0.6,0.39,0.68,0.39,0.63
45,"NorthAugustacity",0.18,0.59,0.45,0.44,0.31,0.55
42,"Readingcity",0.57,0.39,0.69,0.3,0.8,0.19
47,"Colliervilletown",0.1,0.67,0.52,0.25,0.37,0.41
34,"Cranfordtownship",0.1,0.64,0.34,0.44,0.19,0.62
8,"Durangocity",0.4,0.41,0.05,0.52,0.16,0.44
34,"Elizabethcity",0.67,0.45,0.61,0.23,0.88,0.19
48,"Brenhamcity",0.26,0.34,0.29,0.61,0.45,0.35
6,"Chinocity",0.33,0.38,0.46,0.25,0.44,0.33
48,"Kilgorecity",0.44,0.36,0.34,0.42,0.51,0.33
6,"MorenoValleycity",0.47,0.63,0.37,0.29,0.4,0.33
39,"Sylvaniacity",0.24,0.62,0.4,0.69,0.2,0.73
6,"SanMarinocity",0.12,0.38,0.19,0.76,0.03,1
53,"OakHarborcity",0.31,0.61,0.18,0.31,0.29,0.29
37,"Jacksonvillecity",0.41,0.6,0.09,0.55,0.28,0.42
48,"Conroecity",0.35,0.49,0.22,0.36,0.39,0.34
48,"Colleyvillecity",0.14,0.7,0.31,0.28,0.1,0.74
16,"Lewistoncity",0.4,0.46,0.48,0.42,0.52,0.32
48,"Brownsvillecity",1,0.19,0.3,0.47,0.47,0.35
42,"Phoenixvilleborough",0.19,0.6,0.54,0.33,0.48,0.32
51,"Fredericksburgcity",0.16,0.49,0.13,0.5,0.34,0.44
12,"Hallandalecity",0.47,0,0.17,0.25,0.24,0.38
39,"Mansfieldcity",0.58,0.28,0.67,0.35,0.67,0.29
55,"Milwaukeecity",0.59,0.42,0.51,0.45,0.56,0.3
22,"Pinevillecity",0.51,0.34,0.15,0.79,0.29,0.45
48,"GalenaParkcity",0.54,0.34,0.47,0.19,0.89,0.08
6,"LosBanoscity",0.69,0.35,0.22,0.34,0.47,0.28
4,"Avondalecity",0.76,0.35,0.34,0.24,0.56,0.23
27,"ColumbiaHeightscity",0.36,0.58,0.51,0.31,0.46,0.24
8,"CommerceCitycity",0.72,0.41,0.39,0.11,0.78,0.09
37,"RockyMountcity",0.34,0.52,0.67,0.27,0.74,0.36
6,"MenloParkcity",0.15,0.51,0.39,0.77,0.1,0.88
12,"FortPiercecity",0.86,0.2,0.13,0.36,0.46,0.21
36,"Middletowncity",0.41,0.51,0.27,0.59,0.47,0.35
37,"Morgantoncity",0.21,0.38,0.79,0.67,0.63,0.47
24,"Baltimorecity",0.61,0.35,0.26,0.56,0.45,0.34
34,"Gallowaytownship",0.22,0.68,0.09,0.26,0.26,0.35
12,"Sebastiancity",0.34,0.21,0.16,0.3,0.38,0.29
18,"Greenfieldcity",0.24,0.52,0.46,0.35,0.56,0.31
34,"Fairviewborough",0.49,0.49,0.36,0.24,0.39,0.36
25,"Sandwichtown",0.24,0.56,0.15,0.42,0.18,0.5
48,"Borgercity",0.47,0.28,0.43,0.22,0.5,0.3
1,"Annistoncity",0.79,0.22,0.44,0.43,0.54,0.41
25,"Everettcity",0.49,0.47,0.27,0.43,0.35,0.29
34,"NorthArlingtonborough",0.26,0.48,0.4,0.32,0.28,0.4
21,"Covingtoncity",0.49,0.39,0.38,0.28,0.53,0.25
42,"Springtownship",0.1,0.55,0.52,0.42,0.32,0.55
48,"WhiteSettlementcity",0.33,0.56,0.59,0.18,0.42,0.2
42,"Cranberrytownship",0.25,0.71,0.32,0.4,0.26,0.49
45,"Andersoncity",0.48,0.34,0.63,0.45,0.65,0.32
48,"NewBraunfelscity",0.36,0.39,0.41,0.44,0.46,0.39
6,"Oceansidecity",0.43,0.48,0.32,0.27,0.37,0.34
44,"Westerlytown",0.47,0.5,0.57,0.38,0.39,0.43
6,"Sacramentocity",0.49,0.42,0.14,0.43,0.29,0.48
55,"BrownDeervillage",0.04,0.7,0.55,0.44,0.33,0.62
28,"Meridiancity",0.63,0.28,0.35,0.5,0.43,0.37
23,"Windhamtown",0.24,0.6,0.35,0.38,0.42,0.38
34,"WestPatersonborough",0.22,0.65,0.52,0.31,0.3,0.49
36,"Romecity",0.35,0.37,0.29,0.57,0.35,0.39
9,"RockyHilltown",0.08,0.69,0.24,0.36,0.15,0.64
6,"SouthSanFranciscodivision",0.24,0.62,0.19,0.3,0.31,0.38
8,"GrandJunctioncity",0.56,0.3,0.19,0.52,0.39,0.4
12,"Longwoodcity",0.23,0.61,0.28,0.29,0.3,0.44
47,"Columbiacity",0.36,0.45,0.7,0.31,0.73,0.3
5,"Paragouldcity",0.44,0.36,0.79,0.31,0.84,0.22
39,"Vandaliacity",0.24,0.62,0.55,0.27,0.43,0.45
48,"Galvestoncity",0.59,0.4,0.09,0.85,0.31,0.44
47,"Tullahomacity",0.32,0.42,0.63,0.49,0.59,0.49
1,"Ozarkcity",0.45,0.38,0.27,0.43,0.44,0.37
34,"Irvingtontownship",0.67,0.54,0.4,0.46,0.61,0.23
34,"Ridgewoodvillage",0.14,0.56,0.28,0.67,0.08,0.96
39,"Centervillecity",0.09,0.59,0.49,0.57,0.16,0.87
47,"Brownsvillecity",0.57,0.38,0.84,0.24,0.89,0.24
55,"Manitowoccity",0.35,0.4,0.85,0.39,0.73,0.31
37,"Kannapoliscity",0.35,0.44,0.88,0.17,0.88,0.22
18,"Richmondcity",0.56,0.37,0.63,0.5,0.62,0.34
48,"Wacocity",0.55,0.27,0.35,0.57,0.48,0.36
49,"Springvillecity",0.25,0.47,0.52,0.51,0.48,0.35
29,"Raytowncity",0.2,0.54,0.31,0.39,0.34,0.4
12,"Homesteadcity",0.45,0.46,0.06,0.17,0.47,0.15
51,"FrontRoyaltown",0.38,0.48,0.27,0.32,0.47,0.23
33,"Londonderrytown",0.3,0.83,0.66,0.3,0.25,0.63
13,"Covingtoncity",0.8,0.27,0.69,0.23,0.85,0.2
39,"Beavercreekcity",0.14,0.66,0.41,0.61,0.23,0.77
6,"Commercecity",0.79,0.32,0.81,0.13,1,0.12
25,"Plymouthtown",0.45,0.55,0.23,0.41,0.29,0.41
53,"Spokanecity",0.53,0.35,0.22,0.56,0.35,0.42
8,"CanonCitycity",0.61,0.11,0.18,0.5,0.29,0.39
34,"SouthOrangeVillagetownship",0.18,0.58,0.15,0.83,0.15,0.87
6,"Millbraecity",0.15,0.46,0.15,0.36,0.22,0.48
39,"GarfieldHeightscity",0.36,0.39,0.54,0.35,0.47,0.27
34,"Bellmawrborough",0.31,0.53,0.37,0.17,0.48,0.18
53,"Everettcity",0.39,0.48,0.69,0.25,0.48,0.3
49,"Sandycity",0.17,0.74,0.27,0.4,0.22,0.51
13,"Romecity",0.47,0.33,0.57,0.56,0.65,0.37
37,"Hickorycity",0.22,0.61,0.85,0.28,0.72,0.36
13,"Dublincity",0.55,0.28,0.6,0.53,0.54,0.4
53,"Aberdeencity",0.75,0.24,0.58,0.35,0.63,0.31
55,"Beloitcity",0.55,0.47,0.92,0.36,0.76,0.3
6,"MontereyParkcity",0.38,0.36,0.35,0.38,0.35,0.44
55,"Marshfieldcity",0.27,0.57,0.33,0.89,0.42,0.45
47,"Shelbyvillecity",0.38,0.42,0.93,0.15,0.91,0.18
12,"Edgewatercity",0.22,0.31,0.3,0.25,0.43,0.25
6,"Temeculacity",0.24,0.69,0.31,0.23,0.33,0.45
21,"Paducahcity",0.48,0.21,0.23,0.48,0.4,0.34
48,"Eulesscity",0.22,0.88,0.32,0.16,0.33,0.4
36,"Yorktowntown",0.16,0.61,0.27,0.6,0.13,0.68
48,"Austincity",0.39,0.62,0.23,0.56,0.22,0.56
53,"Richlandcity",0.29,0.56,0.24,0.83,0.18,0.73
39,"Fairborncity",0.4,0.47,0.3,0.48,0.39,0.46
47,"Morristowncity",0.51,0.31,1,0.24,0.88,0.19
34,"Pennsvilletownship",0.18,0.52,0.59,0.22,0.51,0.24
34,"Oaklandborough",0.13,0.7,0.37,0.44,0.18,0.66
28,"Vicksburgcity",0.61,0.22,0.33,0.44,0.47,0.36
25,"Sudburytown",0.1,0.73,0.53,0.65,0.09,1
34,"Waynetownship",0.2,0.6,0.44,0.42,0.19,0.65
53,"Pascocity",0.79,0.36,0.39,0.23,0.59,0.17
35,"Demingcity",1,0,0.13,0.3,0.37,0.26
9,"Norwalktown",0.26,0.69,0.46,0.37,0.28,0.55
39,"Middletowncity",0.51,0.38,0.7,0.36,0.59,0.31
25,"Ludlowtown",0.27,0.61,0.77,0.25,0.63,0.25
6,"SanBernardinocity",0.73,0.34,0.26,0.45,0.45,0.29
25,"Woburncity",0.34,0.69,0.37,0.48,0.27,0.5
5,"Jonesborocity",0.29,0.53,0.41,0.5,0.45,0.36
34,"Nutleytownship",0.3,0.53,0.46,0.39,0.25,0.56
55,"RiverFallscity",0.39,0.65,0.36,0.62,0.43,0.35
40,"MidwestCitycity",0.41,0.54,0.2,0.38,0.37,0.34
47,"Knoxvillecity",0.45,0.36,0.27,0.57,0.41,0.43
39,"Loraincity",0.62,0.3,0.7,0.39,0.72,0.22
41,"Beavertoncity",0.19,0.75,0.43,0.35,0.24,0.57
48,"Freeportcity",0.64,0.41,0.58,0.16,0.67,0.11
23,"PresqueIslecity",0.38,0.51,0.28,0.53,0.54,0.42
40,"Moorecity",0.25,0.73,0.36,0.32,0.5,0.29
55,"Kenoshacity",0.5,0.46,0.65,0.39,0.55,0.27
39,"Chillicothecity",0.73,0.24,0.55,0.49,0.55,0.37
6,"SantaRosacity",0.26,0.51,0.26,0.44,0.32,0.45
40,"Bartlesvillecity",0.26,0.4,0.34,0.41,0.24,0.56
42,"WestWhitelandtownship",0.14,0.73,0.44,0.56,0.15,0.8
34,"Bellevilletownship",0.3,0.56,0.43,0.32,0.41,0.36
5,"Russellvillecity",0.41,0.43,0.44,0.37,0.44,0.39
8,"Brightoncity",0.53,0.46,0.34,0.32,0.61,0.24
19,"Spencercity",0.04,0.6,0.33,0.42,0.54,0.34
12,"PembrokePinescity",0.17,0.48,0.15,0.38,0.14,0.49
25,"Leominstercity",0.45,0.59,0.73,0.32,0.48,0.45
39,"Columbuscity",0.36,0.58,0.24,0.48,0.34,0.46
5,"Stuttgartcity",0.43,0.46,0.59,0.36,0.51,0.32
36,"Auburncity",0.59,0.27,0.45,0.51,0.51,0.29
35,"Albuquerquecity",0.39,0.55,0.19,0.57,0.24,0.52
13,"Americuscity",0.72,0.27,0.52,0.54,0.63,0.37
36,"Fultoncity",0.7,0.31,0.6,0.39,0.61,0.3
6,"PicoRiveracity",0.55,0.41,0.61,0.2,0.78,0.15
44,"Warrentown",0.3,0.55,0.64,0.35,0.52,0.32
34,"Westwoodborough",0.18,0.6,0.33,0.4,0.19,0.57
8,"Lovelandcity",0.29,0.57,0.66,0.37,0.47,0.37
39,"Toledocity",0.67,0.36,0.44,0.5,0.54,0.33
6,"MorganHillcity",0.19,0.68,0.58,0.32,0.28,0.53
42,"Nanticokecity",0.48,0.21,0.52,0.4,0.68,0.22
45,"Hanahancity",0.12,0.64,0.36,0.24,0.4,0.36
55,"WestBendcity",0.16,0.64,0.85,0.26,0.66,0.31
34,"Burlingtontownship",0.25,0.62,0.42,0.29,0.45,0.3
34,"Lyndhursttownship",0.25,0.49,0.42,0.22,0.4,0.39
37,"NewBerncity",0.32,0.38,0.38,0.46,0.51,0.31
42,"Bensalemtownship",0.28,0.66,0.42,0.37,0.38,0.45
6,"Cypresscity",0.25,0.71,0.49,0.34,0.26,0.55
42,"Lancastertownship",0.15,0.51,0.52,0.57,0.41,0.53
25,"Cantontown",0.29,0.6,0.33,0.48,0.13,0.62
34,"UnionCitycity",0.74,0.47,0.69,0.13,1,0.17
6,"SantaFeSpringscity",0.57,0.42,0.66,0.22,0.69,0.17
34,"SouthRiverborough",0.34,0.5,0.6,0.19,0.64,0.24
18,"Merrillvilletown",0.22,0.49,0.54,0.29,0.43,0.33
19,"WestDesMoinescity",0.12,0.75,0.15,0.49,0.09,0.71
36,"Cohoescity",0.45,0.39,0.39,0.34,0.45,0.3
19,"Urbandalecity",0.07,0.85,0.17,0.46,0.15,0.67
41,"ForestGrovecity",0.38,0.42,0.63,0.49,0.59,0.34
6,"Carsoncity",0.46,0.57,0.64,0.32,0.5,0.3
9,"Stamfordtown",0.29,0.63,0.4,0.36,0.21,0.62
34,"EastWindsortownship",0.16,0.76,0.4,0.57,0.18,0.75
37,"Kinstoncity",0.53,0.28,0.66,0.56,0.69,0.36
23,"Sanfordtown",0.45,0.51,0.85,0.3,0.73,0.24
20,"Wichitacity",0.35,0.59,0.59,0.39,0.36,0.43
6,"Montereycity",0.07,0.71,0.12,0.56,0.17,0.59
6,"Belmontcity",0.16,0.75,0.32,0.4,0.17,0.61
34,"AsburyParkcity",0.82,0.42,0.34,0.49,0.58,0.26
18,"Plainfieldtown",0.09,0.63,0.29,0.39,0.36,0.42
34,"WestOrangetownship",0.21,0.53,0.26,0.52,0.16,0.64
1,"Florencecity",0.44,0.33,0.46,0.45,0.51,0.42
6,"LosAngelescity",0.55,0.5,0.41,0.36,0.46,0.42
38,"Minotcity",0.34,0.52,0.07,0.56,0.32,0.39
47,"Clevelandcity",0.33,0.44,0.78,0.38,0.69,0.38
6,"Lakewoodcity",0.23,0.59,0.59,0.27,0.32,0.42
48,"CorpusChristicity",0.54,0.45,0.19,0.45,0.31,0.37
48,"Denisoncity",0.46,0.35,0.58,0.39,0.65,0.23
6,"DiamondBarcity",0.17,0.76,0.42,0.35,0.16,0.67
12,"PalmBeachGardenscity",0.1,0.58,0.31,0.45,0.14,0.73
44,"Cranstoncity",0.36,0.42,0.43,0.43,0.33,0.45
36,"Ithacacity",0.28,0.21,0.08,1,0.12,0.67
42,"Whitehalltownship",0.22,0.52,0.56,0.32,0.46,0.39
39,"UniversityHeightscity",0.26,0.47,0.22,0.94,0.09,0.78
42,"LowerAllentownship",0.07,0.34,0.18,0.39,0.3,0.5
25,"Readingtown",0.3,0.65,0.38,0.58,0.19,0.69
18,"Lafayettecity",0.23,0.6,0.5,0.61,0.49,0.36
9,"Ansoniatown",0.48,0.51,0.69,0.32,0.49,0.28
34,"Barnegattownship",0.32,0.42,0.12,0.39,0.3,0.33
34,"CedarGrovetownship",0.14,0.45,0.32,0.44,0.17,0.64
29,"Hannibalcity",0.63,0.33,0.56,0.45,0.62,0.31
36,"Gloversvillecity",0.66,0.35,0.74,0.52,0.8,0.33
34,"CherryHilltownship",0.14,0.56,0.26,0.58,0.11,0.76
9,"Seymourtown",0.26,0.61,0.67,0.36,0.36,0.41
13,"Albanycity",0.74,0.35,0.35,0.45,0.48,0.36
48,"Mercedescity",1,0.07,0.21,0.49,0.52,0.22
42,"UpperDarbytownship",0.27,0.52,0.25,0.51,0.26,0.47
56,"Laramiecity",0.27,0.44,0.09,1,0.21,0.57
40,"Okmulgeecity",0.73,0.15,0.3,0.62,0.5,0.26
42,"Harrisburgcity",0.7,0.42,0.18,0.37,0.45,0.33
47,"Germantowncity",0.07,0.68,0.26,0.45,0.04,0.81
34,"Middlesexborough",0.19,0.7,0.51,0.32,0.35,0.45
9,"NorthHaventown",0.18,0.61,0.38,0.48,0.31,0.52
39,"Massilloncity",0.6,0.28,0.65,0.39,0.69,0.26
36,"WhitePlainscity",0.29,0.56,0.17,0.66,0.15,0.68
25,"Haverhillcity",0.45,0.54,0.63,0.41,0.37,0.46
18,"Elkhartcity",0.29,0.6,1,0.14,0.89,0.23
1,"Troycity",0.48,0.28,0.34,0.65,0.48,0.42
36,"NewYorkcity",0.6,0.38,0.24,0.55,0.33,0.49
6,"Monroviacity",0.38,0.59,0.4,0.4,0.36,0.43
36,"Corningcity",0.43,0.34,0.83,0.44,0.44,0.48
6,"PaloAltocity",0.08,0.64,0.59,0.82,0.05,1
12,"Sanfordcity",0.35,0.47,0.4,0.27,0.51,0.29
21,"Erlangercity",0.12,0.77,0.39,0.22,0.45,0.31
54,"Bluefieldcity",0.34,0.18,0.15,0.52,0.32,0.49
18,"Portagecity",0.38,0.46,0.72,0.27,0.65,0.25
36,"Lackawannacity",0.56,0.28,0.38,0.46,0.5,0.2
42,"LowerMakefieldtownship",0.13,0.69,0.38,0.58,0.1,0.88
6,"Uplandcity",0.3,0.62,0.36,0.43,0.27,0.52
42,"Williamsportcity",0.64,0.3,0.6,0.46,0.7,0.27
29,"Independencecity",0.32,0.54,0.39,0.3,0.51,0.29
25,"Salemcity",0.46,0.53,0.39,0.52,0.3,0.47
6,"RedBluffcity",0.67,0.21,0.48,0.32,0.6,0.23
36,"GlensFallscity",0.35,0.5,0.46,0.48,0.52,0.39
39,"Tallmadgecity",0.31,0.45,0.56,0.46,0.33,0.47
46,"RapidCitycity",0.3,0.59,0.25,0.5,0.31,0.4
45,"Gaffneycity",0.62,0.4,0.98,0.24,1,0.23
6,"RanchoPalosVerdescity",0.08,0.53,0.48,0.53,0.08,0.97
13,"Carrolltoncity",0.48,0.37,0.55,0.44,0.69,0.33
55,"EauClairecity",0.36,0.46,0.29,0.62,0.37,0.42
33,"Milfordtown",0.32,0.72,0.76,0.19,0.46,0.43
25,"Beverlycity",0.32,0.59,0.42,0.54,0.28,0.52
6,"Mercedcity",0.67,0.36,0.29,0.52,0.48,0.38
56,"Cheyennecity",0.38,0.56,0.06,0.44,0.32,0.48
34,"Staffordtownship",0.38,0.34,0.1,0.38,0.31,0.31
23,"Brunswicktown",0.2,0.58,0.36,0.67,0.32,0.54
48,"Kerrvillecity",0.41,0.14,0.18,0.81,0.26,0.39
55,"Glendalecity",0.1,0.4,0.39,0.66,0.19,0.74
18,"Garycity",1,0.19,0.6,0.52,0.67,0.23
34,"Trentoncity",0.74,0.37,0.35,0.45,0.54,0.23
51,"Waynesborocity",0.27,0.42,0.8,0.33,0.66,0.36
28,"MossPointcity",1,0.23,0.91,0.32,0.69,0.22
21,"Glasgowcity",0.6,0.21,0.59,0.41,0.7,0.25
41,"Tigardcity",0.21,0.68,0.35,0.36,0.24,0.53
48,"Weslacocity",1,0.11,0.23,0.7,0.42,0.36
25,"Brocktoncity",0.61,0.48,0.39,0.39,0.51,0.28
12,"BocaRatoncity",0.15,0.42,0.15,0.42,0.11,0.63
46,"SiouxFallscity",0.13,0.7,0.27,0.47,0.37,0.38
6,"Dinubacity",1,0.3,0.16,0.32,0.46,0.19
9,"Hartfordtown",0.73,0.33,0.33,0.51,0.46,0.3
1,"Saralandcity",0.24,0.44,0.53,0.3,0.56,0.24
49,"Bountifulcity",0.18,0.56,0.29,0.54,0.27,0.55
25,"Sharontown",0.25,0.71,0.29,0.7,0.07,0.84
12,"Ocoeecity",0.3,0.69,0.23,0.15,0.42,0.22
48,"Donnacity",1,0.08,0.25,0.54,0.52,0.27
34,"RiverEdgeborough",0.13,0.58,0.27,0.6,0.16,0.7
6,"Stantoncity",0.55,0.58,0.63,0.17,0.53,0.31
1,"Hartsellecity",0.33,0.51,0.67,0.39,0.59,0.34
51,"Radfordcity",0.37,0.13,0.4,0.84,0.39,0.51
6,"Breacity",0.15,0.74,0.49,0.36,0.24,0.62
9,"SouthWindsortown",0.08,0.85,0.45,0.31,0.2,0.6
42,"Yorktownship",0.09,0.62,0.62,0.36,0.48,0.49
50,"Rutlandcity",0.38,0.45,0.31,0.36,0.41,0.35
25,"Norwoodtown",0.27,0.58,0.3,0.52,0.23,0.53
47,"Athenscity",0.62,0.28,0.86,0.29,0.8,0.33
6,"Saratogacity",0.12,0.52,0.74,0.51,0.05,1
6,"Arcadiacity",0.18,0.46,0.25,0.51,0.11,0.72
18,"Huntingtoncity",0.3,0.55,0.98,0.34,0.9,0.24
48,"SanBenitocity",0.98,0.19,0.26,0.51,0.52,0.27
29,"Ballwincity",0.07,0.74,0.35,0.42,0.17,0.64
37,"Raleighcity",0.21,0.66,0.26,0.51,0.19,0.59
48,"FortWorthcity",0.48,0.5,0.49,0.35,0.48,0.39
41,"GrantsPasscity",0.62,0.26,0.46,0.44,0.57,0.34
6,"RedondoBeachcity",0.16,0.86,0.58,0.27,0.13,0.73
1,"Hueytowncity",0.31,0.41,0.29,0.37,0.34,0.27
13,"Atlantacity",0.61,0.4,0.19,0.46,0.4,0.45
6,"Bellcity",0.86,0.34,0.9,0.06,1,0.03
25,"Bostoncity",0.54,0.48,0.2,0.73,0.26,0.53
6,"YubaCitycity",0.75,0.37,0.2,0.43,0.29,0.36
34,"Mantuatownship",0.15,0.58,0.42,0.4,0.37,0.43
49,"WestJordancity",0.18,0.79,0.41,0.28,0.49,0.31
44,"CentralFallscity",0.66,0.38,1,0.13,1,0.06
51,"Roanokecity",0.32,0.44,0.36,0.39,0.52,0.29
39,"Youngstowncity",1,0.05,0.42,0.54,0.64,0.22
47,"Chattanoogacity",0.43,0.38,0.4,0.41,0.5,0.37
27,"Hopkinscity",0.07,0.75,0.45,0.29,0.28,0.43
12,"Daniacity",0.59,0.32,0.14,0.36,0.34,0.31
55,"NewBerlincity",0.09,0.77,0.55,0.4,0.32,0.53
39,"WarrensvilleHeightscity",0.62,0.57,0.49,0.55,0.59,0.32
6,"ElCajoncity",0.45,0.5,0.26,0.37,0.32,0.34
42,"Philadelphiacity",0.65,0.3,0.29,0.58,0.4,0.37
12,"Rockledgecity",0.32,0.57,0.41,0.43,0.27,0.53
53,"Bremertoncity",0.47,0.47,0.42,0.36,0.33,0.29
34,"Freeholdtownship",0.15,0.61,0.3,0.45,0.15,0.64
4,"Prescottcity",0.43,0.15,0.13,0.68,0.26,0.45
6,"HuntingtonParkcity",0.89,0.43,0.98,0.04,1,0.05
53,"Yakimacity",0.67,0.32,0.28,0.5,0.46,0.38
6,"Cupertinocity",0.11,0.74,0.86,0.36,0.1,0.94
39,"Masoncity",0.12,0.72,0.61,0.28,0.44,0.42
51,"Portsmouthcity",0.47,0.41,0.41,0.41,0.46,0.29
6,"NationalCitycity",0.53,0.48,0.41,0.27,0.56,0.14
13,"Augustacity",0.65,0.16,0.3,0.66,0.45,0.34
47,"Gallatincity",0.41,0.47,0.74,0.33,0.76,0.28
48,"Dallascity",0.48,0.58,0.3,0.33,0.39,0.44
34,"Bridgewatertownship",0.1,0.75,0.39,0.43,0.2,0.71
39,"Marioncity",0.75,0.36,0.61,0.33,0.68,0.23
48,"Pasadenacity",0.47,0.52,0.43,0.22,0.5,0.24
6,"BellGardenscity",0.94,0.38,0.86,0.04,1,0.01
6,"Coltoncity",0.65,0.5,0.32,0.42,0.52,0.3
41,"Albanycity",0.43,0.46,0.63,0.35,0.66,0.25
41,"Hermistoncity",0.68,0.42,0.52,0.24,0.69,0.25
23,"Gorhamtown",0.34,0.63,0.32,0.55,0.39,0.44
6,"NewportBeachcity",0.13,0.62,0.29,0.44,0.07,0.86
51,"Charlottesvilledistrict",0.15,0.7,0.22,0.83,0.12,0.7
39,"Alliancecity",0.8,0.24,0.63,0.56,0.69,0.28
40,"McAlestercity",0.6,0.15,0.28,0.43,0.33,0.38
12,"WinterParkcity",0.16,0.31,0.11,0.74,0.15,0.77
42,"Lansdowneborough",0.2,0.61,0.28,0.63,0.2,0.59
21,"FortThomascity",0.14,0.52,0.34,0.56,0.22,0.61
39,"Springfieldcity",0.58,0.31,0.54,0.52,0.64,0.3
27,"CottageGrovecity",0.23,0.85,0.58,0.3,0.43,0.34
48,"Georgetowncity",0.31,0.49,0.37,0.66,0.3,0.46
21,"Somersetcity",0.35,0.15,0.33,0.51,0.39,0.37
9,"Bloomfieldtown",0.26,0.56,0.27,0.52,0.27,0.59
6,"Covinacity",0.31,0.61,0.39,0.33,0.37,0.4
29,"BlueSpringscity",0.19,0.76,0.33,0.37,0.32,0.44
48,"Pampacity",0.34,0.36,0.33,0.25,0.55,0.26
34,"Oceantownship",0.26,0.65,0.22,0.46,0.21,0.67
33,"Portsmouthcity",0.3,0.68,0.32,0.37,0.26,0.5
41,"LakeOswegocity",0.13,0.66,0.23,0.63,0.07,0.88
6,"PacificGrovecity",0.18,0.57,0.11,0.62,0.15,0.65
6,"Lawndalecity",0.48,0.62,0.63,0.09,0.44,0.28
42,"Carlisleborough",0.17,0.47,0.33,0.67,0.43,0.51
42,"Radnortownship",0.17,0.38,0.21,0.89,0.06,0.9
6,"Comptoncity",1,0.26,0.69,0.3,0.89,0.13
13,"Maconcity",0.55,0.34,0.3,0.46,0.48,0.31
39,"Norwalkcity",0.5,0.48,0.79,0.28,0.78,0.29
6,"Downeycity",0.32,0.52,0.52,0.27,0.42,0.36
48,"Grovescity",0.28,0.3,0.53,0.36,0.41,0.31
12,"MiamiShoresvillage",0.27,0.51,0.12,0.61,0.19,0.67
22,"Gretnacity",0.76,0.16,0.2,0.33,0.48,0.18
39,"Norwoodcity",0.43,0.45,0.55,0.18,0.68,0.18
12,"RoyalPalmBeachvillage",0.24,0.56,0.14,0.45,0.18,0.42
37,"Lumbertoncity",0.57,0.32,0.65,0.44,0.64,0.44
42,"Swissvaleborough",0.41,0.36,0.26,0.75,0.26,0.56
33,"Durhamtown",0.51,0.25,0.15,1,0.09,0.59
23,"Portlandcity",0.42,0.53,0.19,0.57,0.28,0.51
48,"Planocity",0.12,0.82,0.41,0.28,0.11,0.72
51,"Alexandriacity",0.17,0.82,0.06,0.55,0.13,0.84
25,"Amesburytown",0.54,0.57,0.6,0.4,0.41,0.43
37,"Shelbycity",0.56,0.33,0.85,0.35,0.85,0.33
28,"Tupelocity",0.25,0.58,0.6,0.39,0.53,0.44
6,"Danvillecity",0.08,0.7,0.26,0.4,0.07,0.79
24,"Greenbeltcity",0.19,0.81,0.1,0.7,0.11,0.71
38,"Dickinsoncity",0.28,0.52,0.11,0.52,0.39,0.36
44,"Warwickcity",0.32,0.54,0.45,0.42,0.34,0.43
39,"Nortoncity",0.31,0.48,0.58,0.3,0.46,0.37
50,"SouthBurlingtoncity",0.09,0.69,0.25,0.6,0.19,0.68
48,"DelRiocity",0.97,0.24,0.14,0.39,0.35,0.29
6,"Dublincity",0.17,0.45,0.32,0.21,0.2,0.5
21,"Owensborocity",0.51,0.4,0.41,0.43,0.51,0.33
55,"StevensPointcity",0.36,0.38,0.26,0.64,0.43,0.38
25,"Maynardtown",0.36,0.67,0.78,0.35,0.24,0.56
53,"Kennewickcity",0.44,0.55,0.24,0.53,0.33,0.45
39,"Wickliffecity",0.24,0.44,0.71,0.33,0.41,0.32
37,"Carrborotown",0.28,0.72,0.11,1,0.11,0.65
6,"Duartecity",0.4,0.5,0.49,0.4,0.38,0.44
19,"Bettendorfcity",0.2,0.66,0.37,0.42,0.25,0.59
48,"SanMarcoscity",0.68,0.32,0.18,0.73,0.37,0.42
41,"Bendcity",0.23,0.62,0.37,0.36,0.45,0.41
34,"Delrantownship",0.24,0.66,0.39,0.39,0.3,0.5
6,"GroverCitycity",0.34,0.52,0.25,0.3,0.39,0.24
9,"Plainvilletown",0.27,0.67,0.57,0.32,0.4,0.34
34,"Waterfordtownship",0.16,0.72,0.28,0.37,0.39,0.36
48,"Bryancity",0.35,0.57,0.17,0.78,0.37,0.44
12,"NewSmyrnaBeachcity",0.43,0.03,0.22,0.31,0.28,0.39
47,"Cookevillecity",0.41,0.39,0.45,0.48,0.45,0.41
6,"Portervillecity",0.89,0.24,0.21,0.59,0.38,0.32
1,"Dothancity",0.28,0.51,0.4,0.43,0.48,0.4
34,"Branchburgtownship",0.2,0.8,0.39,0.35,0.2,0.71
21,"Hopkinsvillecity",0.63,0.35,0.5,0.42,0.52,0.32
36,"Oswegocity",0.54,0.28,0.24,0.64,0.33,0.42
29,"Sedaliacity",0.61,0.37,0.55,0.42,0.69,0.29
47,"RedBankcity",0.28,0.49,0.32,0.34,0.44,0.36
34,"EastOrangecity",0.81,0.46,0.32,0.63,0.47,0.3
36,"Schenectadycity",0.45,0.4,0.24,0.57,0.32,0.36
49,"Murraycity",0.15,0.66,0.3,0.35,0.35,0.41
47,"McMinnvillecity",0.45,0.34,0.76,0.23,0.89,0.2
6,"Alhambracity",0.37,0.45,0.35,0.38,0.35,0.43
47,"Jacksoncity",0.43,0.41,0.47,0.48,0.52,0.36
34,"Phillipsburgtown",0.4,0.42,0.65,0.31,0.59,0.14
5,"PineBluffcity",0.76,0.27,0.4,0.53,0.53,0.33
34,"Parsippany-TroyHillstownship",0.14,0.75,0.45,0.31,0.23,0.57
37,"Garnertown",0.12,0.76,0.22,0.37,0.24,0.49
25,"Cambridgecity",0.3,0.57,0.19,1,0.15,0.82
44,"Johnstontown",0.29,0.51,0.49,0.35,0.42,0.33
1,"VestaviaHillscity",0.09,0.49,0.15,0.72,0.04,0.91
34,"Clarktownship",0.21,0.48,0.48,0.42,0.26,0.56
34,"Hackensackcity",0.35,0.6,0.43,0.39,0.38,0.45
13,"LaGrangecity",0.58,0.39,0.84,0.35,0.78,0.31
55,"Greendalevillage",0.08,0.66,0.52,0.46,0.24,0.63
12,"Plantationcity",0.2,0.61,0.18,0.44,0.11,0.63
41,"Roseburgcity",0.46,0.32,0.44,0.45,0.55,0.36
12,"PalmBaycity",0.35,0.55,0.57,0.23,0.34,0.38
55,"Onalaskacity",0.12,0.78,0.42,0.51,0.41,0.49
41,"CoosBaycity",0.66,0.3,0.29,0.45,0.46,0.35
42,"Hazletoncity",0.37,0.28,0.61,0.4,0.74,0.28
2,"Juneaucity",0.27,0.79,0.01,0.38,0.2,0.63
42,"Warringtontownship",0.2,0.75,0.38,0.34,0.26,0.5
34,"Neptunetownship",0.35,0.51,0.25,0.54,0.37,0.45
34,"WestDeptfordtownship",0.2,0.65,0.44,0.34,0.44,0.4
22,"Jenningscity",0.9,0.08,0.26,0.38,0.6,0.27
48,"Corsicanacity",0.53,0.32,0.38,0.48,0.62,0.34
53,"Laceycity",0.38,0.45,0.13,0.41,0.24,0.46
41,"Milwaukiecity",0.26,0.55,0.41,0.3,0.53,0.35
29,"JeffersonCitycity",0.27,0.46,0.13,0.48,0.18,0.57
8,"ColoradoSpringsdivision",0.42,0.59,0.35,0.47,0.28,0.49
16,"Rexburgcity",0.57,0.11,0.2,0.88,0.41,0.35
12,"Palatkacity",0.82,0.13,0.45,0.41,0.56,0.29
6,"BuenaParkcity",0.34,0.63,0.56,0.17,0.42,0.34
53,"Olympiacity",0.42,0.5,0.15,0.46,0.22,0.64
54,"Weirtoncity",0.42,0.22,0.85,0.35,0.68,0.25
40,"Tahlequahcity",0.66,0.27,0.1,0.9,0.34,0.47
34,"Edisontownship",0.24,0.66,0.41,0.4,0.28,0.58
34,"MapleShadetownship",0.28,0.64,0.37,0.33,0.36,0.39
25,"Ipswichtown",0.39,0.59,0.35,0.56,0.23,0.69
44,"NorthSmithfieldtown",0.38,0.5,0.5,0.55,0.36,0.48
13,"Statesborocity",0.48,0.23,0.31,0.75,0.37,0.43
42,"Moontownship",0.22,0.59,0.28,0.38,0.18,0.58
28,"Hattiesburgcity",0.65,0.28,0.23,0.8,0.33,0.49
29,"Marshallcity",0.32,0.39,0.45,0.77,0.54,0.26
48,"LeagueCitycity",0.14,0.77,0.5,0.42,0.23,0.63
25,"Scituatetown",0.27,0.59,0.21,0.61,0.14,0.71
25,"Concordtown",0.21,0.44,0.42,0.75,0.07,0.99
6,"Rocklincity",0.24,0.65,0.27,0.29,0.29,0.51
12,"CocoaBeachcity",0.19,0.22,0.34,0.34,0.2,0.68
42,"Wilkinsburgborough",0.58,0.4,0.18,0.78,0.29,0.52
6,"Turlockcity",0.58,0.41,0.47,0.42,0.57,0.33
12,"PortOrangecity",0.25,0.36,0.15,0.38,0.23,0.37
9,"Newingtontown",0.16,0.63,0.34,0.43,0.22,0.53
44,"Tivertontown",0.32,0.56,0.39,0.44,0.38,0.39
42,"Shalertownship",0.19,0.52,0.31,0.49,0.27,0.48
12,"NorthPalmBeachvillage",0.13,0.23,0.37,0.42,0.12,0.65
6,"Atwatercity",0.51,0.56,0.24,0.53,0.46,0.31
39,"Steubenvillecity",0.8,0.04,0.49,0.66,0.5,0.38
6,"SanClementecity",0.18,0.62,0.24,0.36,0.2,0.55
9,"Greenwichtown",0.19,0.5,0.23,0.52,0.1,0.8
42,"Warwicktownship",0.09,0.77,0.68,0.29,0.59,0.36
48,"Mesquitecity",0.27,0.77,0.31,0.28,0.31,0.39
6,"SanPablocity",0.69,0.37,0.34,0.33,0.51,0.15
6,"Newarkcity",0.31,0.75,0.66,0.21,0.47,0.36
18,"Hammondcity",0.59,0.37,0.61,0.27,0.65,0.21
12,"PinellasParkcity",0.22,0.4,0.46,0.23,0.41,0.28
6,"Salinascity",0.74,0.5,0.2,0.25,0.41,0.23
37,"Lenoircity",0.29,0.48,1,0.25,1,0.24
35,"Farmingtoncity",0.46,0.51,0.07,0.38,0.35,0.43
39,"GroveCitycity",0.15,0.67,0.28,0.38,0.45,0.36
6,"LosAltoscity",0.12,0.55,0.69,0.62,0.02,1
6,"Daviscity",0.32,0.53,0.05,1,0.09,0.82
9,"Coventrytown",0.23,0.77,0.39,0.54,0.2,0.48
42,"OilCitycity",0.51,0.24,0.51,0.51,0.55,0.38
39,"Perrysburgcity",0.21,0.59,0.43,0.64,0.21,0.73
48,"Harlingencity",0.65,0.3,0.26,0.53,0.4,0.4
24,"Cambridgecity",0.48,0.35,0.76,0.36,0.77,0.23
4,"Flagstaffcity",0.45,0.55,0.12,0.61,0.29,0.42
37,"Wilsoncity",0.54,0.41,0.62,0.43,0.68,0.36
39,"Limacity",0.9,0.22,0.5,0.38,0.64,0.22
48,"Alicecity",0.67,0.23,0.07,0.33,0.4,0.28
42,"Bethlehemcity",0.21,0.43,0.49,0.5,0.45,0.4
4,"Douglascity",1,0.03,0.27,0.4,0.34,0.29
37,"Asheborocity",0.2,0.54,0.97,0.28,0.85,0.3
18,"Hobartcity",0.28,0.5,0.56,0.31,0.47,0.31
48,"EaglePasscity",1,0.08,0.24,0.56,0.52,0.36
5,"VanBurencity",0.47,0.42,0.64,0.3,0.65,0.23
45,"RockHillcity",0.44,0.51,0.62,0.32,0.66,0.31
12,"Sarasotacity",0.26,0.35,0.16,0.41,0.28,0.37
48,"Irvingcity",0.31,0.8,0.35,0.2,0.35,0.41
12,"Gainesvillecity",0.41,0.37,0.07,1,0.15,0.65
12,"LauderdaleLakescity",0.48,0.23,0.19,0.44,0.35,0.21
6,"Tularecity",0.61,0.37,0.38,0.34,0.58,0.22
48,"Kellercity",0.12,0.76,0.35,0.25,0.19,0.54
48,"FlowerMoundtown",0.17,0.85,0.39,0.23,0.11,0.68
13,"Mariettacity",0.31,0.63,0.24,0.29,0.24,0.45
48,"Benbrookcity",0.18,0.68,0.64,0.35,0.15,0.73
1,"Eufaulacity",0.48,0.42,0.86,0.27,0.75,0.32
37,"ChapelHilltown",0.24,0.4,0.1,1,0.07,0.81
39,"Miamisburgcity",0.22,0.54,0.66,0.29,0.48,0.34
21,"Murraycity",0.44,0.29,0.27,0.88,0.35,0.46
6,"Paradisetown",0.48,0.04,0.16,0.55,0.3,0.37
45,"Simpsonvilletown",0.18,0.78,0.84,0.24,0.59,0.43
6,"Pleasantoncity",0.14,0.82,0.36,0.33,0.16,0.64
40,"Muskogeecity",0.38,0.28,0.39,0.51,0.51,0.32
18,"Clarksvilletown",0.35,0.5,0.47,0.26,0.55,0.23
6,"Whittiercity",0.27,0.51,0.47,0.41,0.4,0.44
6,"WestCovinacity",0.28,0.59,0.41,0.33,0.37,0.39
42,"Whitehallborough",0.22,0.37,0.21,0.56,0.17,0.56
18,"Munstertown",0.12,0.5,0.45,0.6,0.14,0.73
6,"Rosevillecity",0.29,0.57,0.23,0.32,0.27,0.49
25,"Brooklinetown",0.27,0.59,0.14,1,0.06,1
42,"Towamencintownship",0.1,0.71,0.71,0.36,0.27,0.64
13,"Snellvillecity",0.14,0.67,0.27,0.3,0.19,0.49
46,"Brookingscity",0.2,0.49,0.32,0.73,0.42,0.41
5,"Conwaycity",0.44,0.43,0.4,0.64,0.41,0.43
1,"Madisoncity",0.12,0.83,0.77,0.31,0.11,0.93
47,"Millingtoncity",0.15,0.89,0.16,0.4,0.25,0.34
9,"Norwichtown",0.45,0.48,0.47,0.44,0.46,0.34
48,"SulphurSpringscity",0.51,0.37,0.39,0.31,0.59,0.22
24,"Hagerstowncity",0.23,0.46,0.38,0.29,0.59,0.23
55,"MountPleasanttown",0.21,0.56,0.77,0.34,0.38,0.47
18,"CrownPointcity",0.31,0.48,0.46,0.54,0.31,0.46
36,"SaratogaSpringscity",0.32,0.46,0.22,0.77,0.25,0.63
44,"Narragansetttown",0.31,0.61,0.16,0.57,0.2,0.53
6,"MissionViejocity",0.12,0.73,0.42,0.38,0.12,0.68
33,"Derrytown",0.32,0.81,0.6,0.25,0.34,0.48
6,"Haywardcity",0.37,0.56,0.39,0.25,0.48,0.31
34,"HighlandParkborough",0.3,0.7,0.29,0.97,0.15,0.86
55,"DePerecity",0.16,0.6,0.47,0.5,0.49,0.43
29,"KansasCitycity",0.46,0.52,0.29,0.43,0.39,0.41
34,"Holmdeltownship",0.11,0.52,0.22,0.53,0.08,0.87
21,"Independencecity",0.19,0.73,0.43,0.25,0.52,0.29
42,"Cumrutownship",0.08,0.59,0.53,0.49,0.4,0.51
36,"LongBeachcity",0.33,0.47,0.2,0.48,0.27,0.54
49,"Logancity",0.43,0.51,0.55,0.74,0.45,0.45
8,"Louisvillecity",0.15,0.89,0.52,0.5,0.16,0.73
9,"WestHartfordtown",0.21,0.47,0.24,0.69,0.15,0.79
1,"Tuskegeecity",1,0.08,0.14,1,0.4,0.5
16,"Pocatellocity",0.37,0.51,0.26,0.55,0.42,0.43
4,"Scottsdalecity",0.24,0.55,0.26,0.4,0.14,0.63
12,"Stuartcity",0.28,0.16,0.16,0.44,0.27,0.36
34,"Bernardstownship",0.12,0.6,0.33,0.48,0.08,0.91
25,"Northbridgetown",0.49,0.54,0.57,0.41,0.46,0.38
34,"Bloomfieldtownship",0.33,0.55,0.41,0.47,0.25,0.48
48,"Sweetwatercity",0.56,0.33,0.36,0.48,0.59,0.22
18,"Crawfordsvillecity",0.35,0.41,0.89,0.36,0.74,0.25
6,"SanRafaelcity",0.27,0.58,0.16,0.48,0.2,0.64
40,"ElkCitycity",0.54,0.34,0.11,0.43,0.45,0.34
54,"Fairmontcity",0.95,0.1,0.27,0.52,0.39,0.4
6,"Pacificacity",0.16,0.75,0.14,0.37,0.26,0.44
44,"Smithfieldtown",0.27,0.53,0.4,0.63,0.3,0.49
6,"Barstowcity",0.61,0.43,0.04,0.25,0.4,0.3
6,"LosGatostown",0.12,0.68,0.52,0.53,0.1,0.86
34,"SouthPlainfieldborough",0.25,0.65,0.46,0.3,0.32,0.41
55,"Middletoncity",0.06,0.83,0.2,0.71,0.18,0.65
25,"NorthAndovertown",0.24,0.56,0.5,0.58,0.15,0.72
48,"FarmersBranchcity",0.32,0.68,0.42,0.18,0.32,0.44
25,"Bedfordtown",0.11,0.64,0.47,0.73,0.11,0.74
16,"TwinFallscity",0.24,0.51,0.34,0.37,0.5,0.31
39,"Hilliardcity",0.21,0.68,0.41,0.38,0.34,0.47
36,"Oleancity",0.53,0.36,0.42,0.58,0.39,0.39
48,"Alvincity",0.25,0.56,0.4,0.35,0.4,0.29
1,"Homewoodcity",0.14,0.53,0.15,0.68,0.11,0.76
34,"Morristownship",0.11,0.63,0.3,0.57,0.1,0.9
34,"Pembertontownship",0.33,0.65,0.25,0.52,0.46,0.25
39,"Cincinnaticity",0.51,0.39,0.34,0.59,0.37,0.46
6,"Walnutcity",0.23,0.74,0.39,0.37,0.18,0.65
37,"Greenvillecity",0.41,0.49,0.34,0.7,0.32,0.55
48,"CopperasCovecity",0.51,0.65,0.1,0.48,0.3,0.31
6,"Coronadocity",0.03,0.8,0.16,0.53,0.08,0.76
25,"Uxbridgetown",0.41,0.59,0.59,0.38,0.46,0.36
18,"Connersvillecity",0.74,0.3,0.9,0.27,0.9,0.22
45,"Orangeburgcity",0.63,0.2,0.42,0.61,0.39,0.44
12,"SouthMiamicity",0.32,0.56,0.14,0.72,0.18,0.6
34,"Harrisontown",0.48,0.49,0.6,0.16,0.74,0.19
1,"Prichardcity",1,0.12,0.38,0.47,0.7,0.12
39,"Goshentownship",0.34,0.58,0.73,0.16,0.81,0.15
6,"WestHollywoodcity",0.45,0.58,0.17,0.39,0.1,0.8
42,"NewCastlecity",0.7,0.11,0.47,0.43,0.62,0.27
13,"Columbuscity",0.45,0.48,0.38,0.43,0.46,0.38
21,"Shivelycity",0.37,0.35,0.54,0.28,0.66,0.22
1,"Tuscaloosacity",0.44,0.28,0.24,0.87,0.33,0.51
19,"Indianolacity",0.16,0.64,0.24,0.5,0.34,0.37
9,"Berlintown",0.22,0.62,0.41,0.38,0.3,0.5
42,"Peterstownship",0.16,0.51,0.33,0.48,0.1,0.71
48,"LaPortecity",0.3,0.67,0.55,0.31,0.45,0.34
48,"Beaumontcity",0.51,0.38,0.31,0.56,0.36,0.42
4,"Gilberttown",0.23,0.8,0.44,0.36,0.28,0.47
12,"Casselberrycity",0.22,0.69,0.2,0.22,0.27,0.32
13,"Cartersvillecity",0.34,0.47,0.76,0.29,0.72,0.34
39,"Clevelandcity",0.99,0.19,0.53,0.42,0.67,0.2
25,"Northboroughtown",0.25,0.76,0.58,0.41,0.18,0.69
18,"Bedfordcity",0.36,0.29,0.57,0.46,0.67,0.34
34,"Plainfieldcity",0.57,0.61,0.49,0.41,0.66,0.31
34,"Uniontownship",0.25,0.49,0.36,0.4,0.3,0.44
25,"Holbrooktown",0.49,0.57,0.32,0.4,0.43,0.32
13,"CollegeParkcity",0.54,0.65,0.2,0.28,0.5,0.25
22,"Westwegocity",0.55,0.26,0.39,0.18,0.69,0.09
44,"Providencecity",0.61,0.35,0.56,0.57,0.54,0.39
23,"Augustacity",0.32,0.48,0.27,0.45,0.37,0.41
41,"OregonCitycity",0.16,0.59,0.45,0.36,0.56,0.27
23,"Watervillecity",0.49,0.32,0.35,0.85,0.36,0.47
21,"Winchestercity",0.38,0.4,0.53,0.26,0.68,0.25
39,"Jacksontownship",0.18,0.64,0.29,0.36,0.46,0.34
44,"NorthProvidencetown",0.37,0.52,0.44,0.49,0.36,0.42
42,"SouthWhitehalltownship",0.1,0.44,0.47,0.52,0.29,0.65
6,"UnionCitycity",0.25,0.69,0.6,0.22,0.54,0.3
34,"Veronatownship",0.09,0.55,0.31,0.61,0.17,0.8
25,"Hinghamtown",0.36,0.56,0.21,0.6,0.12,0.79
46,"Mitchellcity",0.26,0.52,0.36,0.56,0.46,0.34
39,"Urbanacity",0.46,0.44,0.92,0.25,0.83,0.27
13,"Valdostacity",0.49,0.44,0.38,0.53,0.53,0.4
37,"Grahamcity",0.14,0.55,0.88,0.25,0.74,0.27
55,"Marinettecity",0.48,0.34,0.68,0.27,0.68,0.25
34,"Princetonborough",0.15,0.4,0.12,1,0.04,0.89
37,"Thomasvillecity",0.26,0.58,1,0.13,1,0.19
5,"Rogerscity",0.15,0.53,0.64,0.21,0.67,0.31
8,"Sterlingcity",0.25,0.46,0.15,0.51,0.49,0.23
6,"Lynwoodcity",0.87,0.33,0.84,0.12,1,0.09
34,"WestMilfordtownship",0.25,0.73,0.42,0.3,0.32,0.47
55,"Waukeshacity",0.14,0.73,0.61,0.43,0.42,0.44
1,"Opelikacity",0.44,0.52,0.73,0.54,0.65,0.35
6,"LaMesacity",0.28,0.5,0.2,0.5,0.22,0.5
53,"Bellinghamcity",0.27,0.49,0.26,0.53,0.34,0.42
37,"Durhamcity",0.26,0.58,0.27,0.93,0.26,0.56
6,"Herculescity",0.24,0.83,0.23,0.36,0.24,0.55
39,"Daytoncity",0.71,0.28,0.42,0.48,0.52,0.31
39,"Stowcity",0.14,0.65,0.58,0.49,0.29,0.59
44,"Newportcity",0.36,0.58,0.15,0.56,0.14,0.51
51,"Herndontown",0.09,1,0.15,0.31,0.21,0.6
48,"Coppellcity",0.07,0.95,0.34,0.26,0.12,0.78
6,"Indiocity",0.66,0.44,0.04,0.27,0.38,0.16
9,"NewLondontown",0.52,0.52,0.4,0.61,0.35,0.3
25,"Longmeadowtown",0.17,0.53,0.28,0.71,0.05,0.85
6,"Albanycity",0.13,0.58,0.14,1,0.13,0.92
37,"Burlingtoncity",0.17,0.56,0.79,0.35,0.64,0.33
39,"Ashlandcity",0.4,0.41,0.84,0.51,0.75,0.37
6,"Glendoracity",0.23,0.6,0.44,0.4,0.26,0.5
6,"Sunnyvalecity",0.21,0.73,0.96,0.23,0.23,0.69
42,"Tredyffrintownship",0.08,0.68,0.43,0.54,0.05,0.91
22,"NewIberiacity",0.91,0.24,0.31,0.29,0.64,0.23
49,"Midvalecity",0.45,0.55,0.4,0.23,0.59,0.2
6,"Livermorecity",0.22,0.75,0.32,0.54,0.26,0.5
55,"Kaukaunacity",0.29,0.55,0.8,0.26,0.7,0.22
56,"Evanstoncity",0.27,0.7,0.07,0.49,0.35,0.32
45,"Greenwoodcity",0.5,0.34,0.84,0.3,0.86,0.25
18,"Noblesvillecity",0.12,0.68,0.44,0.33,0.3,0.49
25,"Medfieldtown",0.22,0.69,0.4,0.57,0.13,0.76
29,"Columbiacity",0.28,0.48,0.11,1,0.2,0.6
48,"ElPasocity",0.66,0.36,0.37,0.44,0.47,0.39
48,"Lancastercity",0.32,0.68,0.29,0.43,0.36,0.32
25,"Bellinghamtown",0.4,0.73,0.58,0.33,0.4,0.39
34,"Manchestertownship",0.42,0,0.28,0.44,0.4,0.3
8,"Longmontcity",0.36,0.66,0.54,0.28,0.4,0.4
48,"Gatesvillecity",0.58,0,0.26,0.33,0.37,0.28
34,"Manalapantownship",0.24,0.49,0.28,0.42,0.18,0.65
34,"NewProvidenceborough",0.11,0.66,0.27,0.43,0.11,0.76
25,"Framinghamtown",0.4,0.64,0.41,0.53,0.19,0.64
6,"Arcatacity",0.63,0.33,0.24,0.67,0.34,0.45
47,"Springfieldcity",0.37,0.38,0.74,0.24,0.83,0.26
37,"Edencity",0.28,0.41,1,0.18,0.97,0.17
12,"PompanoBeachcity",0.39,0.29,0.16,0.31,0.32,0.37
55,"TwoRiverscity",0.25,0.51,1,0.23,0.91,0.21
34,"Moorestowntownship",0.13,0.52,0.28,0.63,0.15,0.79
11,"Washingtoncity",0.44,0.5,0.06,0.7,0.19,0.66
42,"Emmausborough",0.27,0.48,0.71,0.36,0.51,0.36
55,"Oconomowoccity",0.09,0.55,0.66,0.44,0.43,0.39
6,"SanCarloscity",0.09,0.67,0.36,0.41,0.16,0.66
42,"Manheimtownship",0.08,0.51,0.56,0.5,0.32,0.6
54,"Moundsvillecity",0.62,0.11,0.33,0.47,0.54,0.27
55,"Madisoncity",0.17,0.64,0.19,0.8,0.21,0.59
28,"Pascagoulacity",0.49,0.42,0.74,0.34,0.4,0.44
42,"Coatesvillecity",0.43,0.36,0.48,0.58,0.53,0.17
21,"Newportcity",0.6,0.39,0.44,0.22,0.67,0.17
12,"MiamiSpringscity",0.41,0.52,0.18,0.34,0.21,0.43
6,"Escondidocity",0.38,0.55,0.34,0.27,0.36,0.37
6,"Hawthornecity",0.43,0.63,0.62,0.22,0.43,0.32
29,"Bridgetoncity",0.13,0.63,0.5,0.31,0.29,0.5
6,"ChulaVistacity",0.37,0.5,0.32,0.35,0.31,0.42
6,"PalmDesertcity",0.22,0.44,0.06,0.3,0.12,0.47
6,"SanJosecity",0.33,0.65,0.74,0.26,0.36,0.45
25,"Newtoncity",0.2,0.62,0.22,0.95,0.08,0.93
55,"Shorewoodvillage",0.11,0.6,0.23,0.97,0.08,0.96
40,"Claremorecity",0.31,0.43,0.45,0.43,0.44,0.34
6,"SanJacintocity",0.54,0.14,0.27,0.36,0.47,0.24
48,"Robstowncity",0.85,0.12,0.37,0.35,0.66,0.16
37,"Carytown",0.08,0.89,0.36,0.43,0.1,0.73
6,"LaQuintacity",0.37,0.58,0.14,0.33,0.21,0.44
39,"Sharonvillecity",0.07,0.64,0.65,0.29,0.34,0.52
49,"SaltLakeCitycity",0.33,0.5,0.25,0.63,0.35,0.53
12,"Venicecity",0.21,0,0.16,0.52,0.22,0.4
41,"Springfieldcity",0.52,0.48,0.44,0.32,0.66,0.18
6,"SimiValleycity",0.22,0.79,0.51,0.24,0.26,0.48
6,"Maderacity",1,0.24,0.36,0.33,0.57,0.17
12,"SafetyHarborcity",0.25,0.55,0.27,0.44,0.19,0.58
18,"Martinsvillecity",0.36,0.46,0.65,0.35,0.67,0.2
9,"Farmingtontown",0.17,0.62,0.3,0.63,0.12,0.78
1,"Scottsborocity",0.26,0.45,0.72,0.32,0.73,0.36
39,"ShakerHeightscity",0.2,0.57,0.23,1,0.08,1
25,"Webstertown",0.41,0.48,0.58,0.32,0.56,0.28
39,"Girardcity",0.51,0.3,0.52,0.47,0.48,0.29
18,"Bloomingtoncity",0.43,0.26,0.16,1,0.21,0.65
49,"Centervillecity",0.31,0.69,0.27,0.48,0.24,0.59
25,"NorthAdamscity",0.66,0.34,0.52,0.58,0.46,0.3
45,"Irmotown",0.13,0.95,0.21,0.49,0.17,0.62
21,"BowlingGreencity",0.44,0.43,0.35,0.57,0.44,0.43
8,"Bouldercity",0.29,0.6,0.23,0.86,0.12,0.76
34,"Lawrencetownship",0.13,0.61,0.25,0.72,0.13,0.8
55,"WestAlliscity",0.21,0.55,0.53,0.35,0.48,0.29
39,"Soloncity",0.08,0.63,0.49,0.44,0.14,0.71
53,"Rentoncity",0.25,0.67,0.74,0.13,0.32,0.45
34,"Vinelandcity",0.46,0.43,0.49,0.43,0.57,0.31
48,"Burlesoncity",0.38,0.59,0.57,0.32,0.45,0.32
34,"Pleasantvillecity",0.56,0.53,0.09,0.26,0.33,0.23
39,"Nilescity",0.44,0.35,0.7,0.35,0.69,0.28
51,"Martinsvillecity",0.34,0.4,1,0.26,0.92,0.34
25,"Atholtown",0.74,0.38,0.79,0.41,0.65,0.24
53,"Bothellcity",0.15,0.67,0.41,0.39,0.27,0.54
37,"Kernersvilletown",0.36,0.72,0.62,0.16,0.57,0.29
48,"SanAntoniocity",0.59,0.43,0.18,0.47,0.35,0.38
25,"Wakefieldtown",0.39,0.59,0.37,0.5,0.23,0.55
34,"Livingstontownship",0.1,0.65,0.25,0.64,0.09,0.8
44,"Middletowntown",0.27,0.67,0.23,0.62,0.21,0.56
42,"BeaverFallscity",0.9,0.1,0.34,0.77,0.53,0.22
6,"Hesperiacity",0.61,0.3,0.26,0.18,0.5,0.22
42,"Butlercity",0.47,0.3,0.39,0.39,0.54,0.25
4,"SierraVistacity",0.32,0.66,0.09,0.38,0.22,0.54
48,"Schertzcity",0.33,0.63,0.2,0.3,0.3,0.37
22,"Lafayettecity",0.58,0.41,0.11,0.57,0.25,0.53
42,"LowerSalfordtownship",0.05,0.77,0.68,0.3,0.38,0.46
5,"Searcycity",0.33,0.26,0.34,0.78,0.47,0.46
39,"Sylvaniatownship",0.21,0.61,0.4,0.62,0.24,0.68
39,"Worthingtoncity",0.1,0.61,0.2,0.98,0.03,0.95
18,"Highlandtown",0.18,0.54,0.54,0.47,0.36,0.43
9,"Westporttown",0.14,0.61,0.28,0.58,0.03,0.98
48,"Lewisvillecity",0.19,0.88,0.47,0.23,0.31,0.45
40,"Chickashacity",0.64,0.27,0.36,0.61,0.5,0.37
34,"EggHarbortownship",0.25,0.71,0.07,0.24,0.28,0.34
18,"Griffithtown",0.22,0.61,0.63,0.24,0.5,0.28
1,"Bessemercity",0.72,0.17,0.36,0.38,0.62,0.18
6,"Fremontcity",0.22,0.74,0.63,0.25,0.3,0.55
25,"Naticktown",0.27,0.71,0.3,0.64,0.14,0.71
40,"Normancity",0.37,0.54,0.17,0.78,0.24,0.59
28,"Ridgelandcity",0.15,0.93,0.15,0.59,0.13,0.67
34,"Princetontownship",0.18,0.52,0.16,1,0.01,1
13,"Douglascity",0.58,0.32,0.61,0.4,0.69,0.3
6,"MountainViewcity",0.14,0.81,0.77,0.38,0.2,0.7
34,"Tenaflyborough",0.11,0.46,0.28,0.77,0.06,1
6,"Burbankcity",0.3,0.58,0.42,0.3,0.29,0.51
36,"Lockportcity",0.48,0.39,0.61,0.44,0.67,0.28
34,"Eatontownborough",0.22,0.7,0.25,0.37,0.23,0.55
6,"SierraMadrecity",0.09,0.62,0.21,0.8,0.11,0.82
44,"Bristoltown",0.46,0.48,0.64,0.44,0.55,0.37
55,"OakCreekcity",0.19,0.74,0.73,0.24,0.53,0.31
12,"Miamicity",0.75,0.31,0.31,0.27,0.57,0.22
21,"Ashlandcity",0.46,0.16,0.5,0.43,0.46,0.4
48,"Dentoncity",0.37,0.53,0.26,0.69,0.27,0.49
34,"LincolnParkborough",0.19,0.66,0.39,0.27,0.21,0.57
6,"SanBrunocity",0.22,0.63,0.18,0.27,0.3,0.4
33,"Concordcity",0.38,0.52,0.3,0.63,0.27,0.54
42,"Columbiaborough",0.31,0.5,1,0.19,1,0.12
9,"Milfordtown",0.33,0.6,0.55,0.36,0.32,0.46
6,"CathedralCitycity",0.38,0.5,0.08,0.2,0.28,0.25
25,"Bridgewatertown",0.38,0.46,0.3,0.53,0.31,0.44
47,"Franklincity",0.17,0.7,0.4,0.4,0.35,0.54
22,"Slidellcity",0.32,0.47,0.26,0.44,0.21,0.55
6,"Cudahycity",0.69,0.4,0.88,0.01,1,0
23,"Sacocity",0.36,0.57,0.49,0.47,0.42,0.4
9,"Orangetown",0.14,0.56,0.34,0.64,0.16,0.81
13,"Moultriecity",0.5,0.28,0.62,0.43,0.73,0.32
13,"Roswellcity",0.1,0.79,0.25,0.27,0.12,0.66
25,"NewBedfordcity",0.84,0.29,0.65,0.34,0.78,0.21
47,"EastRidgecity",0.26,0.53,0.4,0.32,0.38,0.37
42,"Johnstowncity",1,0.03,0.36,0.53,0.58,0.21
42,"Chestercity",0.86,0.25,0.4,0.69,0.53,0.21
48,"LakeJacksoncity",0.15,0.67,0.91,0.31,0.25,0.64
5,"FortSmithcity",0.33,0.48,0.65,0.35,0.61,0.35
6,"Hemetcity",0.66,0,0.24,0.4,0.45,0.28
4,"ParadiseValleytown",0.16,0.38,0.2,0.64,0.04,1
6,"Oaklandcity",0.63,0.4,0.22,0.58,0.34,0.52
6,"Reedleycity",1,0.35,0.22,0.33,0.45,0.21
6,"Auburncity",0.22,0.39,0.2,0.5,0.19,0.55
6,"ArroyoGrandecity",0.3,0.4,0.15,0.33,0.24,0.42
42,"Northamptontownship",0.11,0.7,0.35,0.45,0.14,0.64
51,"Hamptoncity",0.35,0.57,0.42,0.4,0.34,0.37
6,"WestSacramentocity",0.62,0.32,0.19,0.25,0.58,0.22
1,"Sylacaugacity",0.27,0.37,0.73,0.4,0.72,0.43
12,"LighthousePointcity",0.24,0.31,0.16,0.37,0.12,0.54
36,"Dunkirkcity",0.77,0.29,0.61,0.5,0.68,0.19
6,"Vallejocity",0.41,0.52,0.29,0.4,0.33,0.35
29,"Kennettcity",0.62,0.24,0.43,0.52,0.58,0.35
6,"SouthGatecity",0.74,0.42,0.85,0.08,0.99,0.07
6,"HermosaBeachcity",0.04,0.98,0.51,0.34,0.09,0.92
42,"UpperGwyneddtownship",0.06,0.73,0.74,0.42,0.27,0.68
9,"Simsburytown",0.1,0.69,0.32,0.58,0.05,0.9
41,"Medfordcity",0.44,0.41,0.28,0.36,0.48,0.34
19,"Dubuquecity",0.29,0.5,0.49,0.59,0.46,0.37
55,"Whitewatercity",0.24,0.43,0.24,0.68,0.35,0.45
8,"Broomfieldcity",0.19,0.81,0.5,0.38,0.34,0.5
39,"Westlakecity",0.13,0.55,0.39,0.55,0.15,0.76
12,"LakeWorthcity",0.34,0.36,0.1,0.38,0.31,0.23
48,"Duncanvillecity",0.25,0.73,0.29,0.39,0.29,0.53
45,"Florencecity",0.38,0.39,0.38,0.55,0.44,0.44
6,"Brawleycity",1,0.27,0.13,0.39,0.44,0.28
34,"Ramseyborough",0.19,0.63,0.36,0.29,0.1,0.72
12,"Miramarcity",0.27,0.67,0.2,0.38,0.24,0.39
25,"Miltontown",0.25,0.5,0.15,0.79,0.1,0.83
6,"SantaAnacity",0.56,0.59,0.7,0.11,0.79,0.15
25,"Saugustown",0.35,0.55,0.38,0.34,0.31,0.41
40,"Woodwardcity",0.25,0.49,0.14,0.32,0.48,0.26
33,"Somersworthcity",0.31,0.67,0.78,0.22,0.57,0.29
8,"Lafayettecity",0.2,0.81,0.57,0.36,0.37,0.49
48,"Athenscity",0.6,0.3,0.28,0.5,0.44,0.34
42,"Scotttownship",0.13,0.55,0.21,0.54,0.19,0.6
34,"Middletownship",0.52,0.38,0.1,0.52,0.39,0.24
25,"Watertowntown",0.25,0.64,0.34,0.73,0.19,0.77
13,"EastPointcity",0.56,0.53,0.21,0.36,0.51,0.31
34,"OldBridgetownship",0.25,0.68,0.36,0.28,0.36,0.45
42,"Hilltowntownship",0.05,0.71,0.6,0.29,0.5,0.37
18,"Vincennescity",0.58,0.26,0.19,0.65,0.46,0.33
12,"Tallahasseecity",0.33,0.54,0.04,0.69,0.15,0.63
34,"Madisonborough",0.17,0.51,0.22,0.59,0.14,0.76
53,"Longviewcity",0.48,0.36,0.66,0.37,0.61,0.31
44,"Barringtontown",0.21,0.56,0.33,0.76,0.12,0.8
12,"CoralGablescity",0.21,0.46,0.09,0.83,0.03,0.86
34,"Hopatcongborough",0.25,0.78,0.45,0.23,0.35,0.39
53,"Puyallupcity",0.33,0.49,0.53,0.38,0.43,0.38
22,"Eunicecity",0.98,0.09,0.15,0.61,0.42,0.35
34,"CityofOrangetownship",0.66,0.47,0.28,0.54,0.49,0.31
6,"AgouraHillscity",0.18,0.78,0.24,0.41,0.1,0.77
25,"Randolphtown",0.4,0.59,0.31,0.43,0.27,0.42
41,"Portlandcity",0.38,0.52,0.33,0.48,0.41,0.46
42,"Newberrytownship",0.13,0.79,0.46,0.18,0.66,0.25
25,"Hudsontown",0.32,0.71,0.87,0.28,0.4,0.57
34,"Haddonfieldborough",0.04,0.52,0.2,0.9,0.05,0.98
48,"TheColonycity",0.25,0.9,0.47,0.16,0.3,0.38
6,"PortHuenemecity",0.28,0.65,0.3,0.27,0.35,0.38
22,"WestMonroecity",0.48,0.29,0.29,0.46,0.36,0.38
55,"Brookfieldcity",0.07,0.57,0.44,0.47,0.19,0.72
39,"Ketteringcity",0.14,0.55,0.48,0.5,0.28,0.6
6,"Lompoccity",0.47,0.43,0.35,0.26,0.36,0.3
39,"UpperArlingtoncity",0.04,0.51,0.15,0.94,0.02,1
29,"Fultoncity",0.19,0.27,0.19,0.93,0.35,0.43
48,"Midlandcity",0.38,0.55,0.08,0.37,0.22,0.53
41,"Greshamcity",0.24,0.64,0.35,0.32,0.42,0.32
34,"Kearnytown",0.38,0.54,0.43,0.3,0.54,0.3
34,"Secaucustown",0.2,0.49,0.31,0.26,0.3,0.58
42,"Swataratownship",0.19,0.53,0.24,0.36,0.35,0.38
34,"Middletowntownship",0.26,0.58,0.25,0.42,0.23,0.61
4,"BullheadCitycity",0.41,0.31,0.03,0.11,0.25,0.22
36,"Ogdensburgcity",0.61,0.13,0.27,0.79,0.43,0.34
36,"Goshentown",0.28,0.43,0.26,0.66,0.23,0.54
25,"Hulltown",0.47,0.58,0.24,0.37,0.32,0.47
44,"Woonsocketcity",0.62,0.41,0.69,0.31,0.72,0.21
9,"Plymouthtown",0.19,0.67,0.74,0.29,0.47,0.31
42,"Bristolborough",0.55,0.43,0.65,0.37,0.73,0.23
6,"Moorparkcity",0.18,0.82,0.55,0.23,0.29,0.57
13,"Tiftoncity",0.47,0.42,0.38,0.45,0.52,0.37
39,"NorthCantoncity",0.22,0.49,0.5,0.51,0.26,0.58
40,"Shawneecity",0.61,0.26,0.32,0.48,0.45,0.4
6,"Bakersfieldcity",0.45,0.51,0.11,0.45,0.32,0.43
55,"Oshkoshcity",0.27,0.49,0.63,0.46,0.56,0.35
34,"Ringwoodborough",0.33,0.75,0.41,0.45,0.22,0.62
34,"Laceytownship",0.37,0.43,0.21,0.45,0.33,0.37
42,"Pittsburghcity",0.6,0.26,0.16,0.76,0.28,0.44
19,"Ankenycity",0.06,0.92,0.22,0.49,0.24,0.51
19,"Waterloocity",0.46,0.38,0.51,0.44,0.49,0.33
9,"Danburytown",0.32,0.63,0.61,0.35,0.38,0.49
9,"Trumbulltown",0.24,0.54,0.47,0.49,0.14,0.7
25,"Shrewsburytown",0.28,0.6,0.47,0.45,0.19,0.65
48,"Tylercity",0.53,0.4,0.31,0.56,0.43,0.44
6,"PleasantHillcity",0.15,0.7,0.2,0.43,0.13,0.66
1,"Alabastercity",0.12,0.69,0.27,0.37,0.32,0.48
48,"Marshallcity",0.55,0.26,0.44,0.49,0.56,0.35
6,"WalnutCreekcity",0.15,0.46,0.19,0.53,0.09,0.79
25,"Winchestertown",0.18,0.58,0.28,0.82,0.09,0.93
47,"Goodlettsvillecity",0.07,0.73,0.36,0.32,0.3,0.47
6,"Fontanacity",0.47,0.54,0.47,0.25,0.61,0.23
6,"Coronacity",0.35,0.66,0.6,0.22,0.49,0.41
41,"Astoriacity",0.37,0.43,0.45,0.33,0.61,0.32
34,"TintonFallsborough",0.17,0.79,0.22,0.5,0.21,0.71
13,"Bainbridgecity",0.42,0.28,0.58,0.53,0.64,0.33
22,"NewOrleanscity",0.86,0.26,0.12,0.65,0.31,0.49
6,"SanMateocity",0.23,0.63,0.25,0.31,0.24,0.5
34,"Summitcity",0.14,0.56,0.25,0.55,0.14,0.86
48,"Longviewcity",0.46,0.45,0.46,0.38,0.48,0.34
34,"Rockawaytownship",0.15,0.76,0.4,0.36,0.2,0.6
39,"Lakewoodcity",0.28,0.61,0.4,0.55,0.28,0.55
42,"BethelParkborough",0.19,0.53,0.27,0.5,0.17,0.63
48,"Huntsvillecity",0.53,0.04,0.1,0.53,0.22,0.44
6,"EastPaloAltocity",0.72,0.49,0.45,0.53,0.44,0.27
48,"Odessacity",0.48,0.46,0.24,0.39,0.39,0.33
34,"NorthBrunswicktownship",0.14,0.69,0.43,0.4,0.32,0.56
1,"Selmacity",0.74,0.18,0.54,0.56,0.65,0.39
28,"Grenadacity",0.77,0.25,0.62,0.32,0.73,0.29
6,"Norcocity",0.29,0.2,0.48,0.16,0.42,0.35
55,"FortAtkinsoncity",0.18,0.63,0.7,0.36,0.67,0.36
25,"Dartmouthtown",0.51,0.42,0.39,0.56,0.4,0.42
6,"Martinezcity",0.21,0.64,0.22,0.42,0.21,0.6
6,"PalmSpringscity",0.32,0.34,0.06,0.34,0.2,0.42
1,"Daphnecity",0.22,0.56,0.28,0.42,0.21,0.6
48,"SugarLandcity",0.21,0.69,0.26,0.51,0.11,0.77
39,"Fremontcity",0.68,0.39,0.84,0.35,0.86,0.24
5,"HotSpringscity",0.42,0.17,0.22,0.45,0.35,0.33
51,"Viennatown",0.09,0.74,0.07,0.48,0.09,0.8
6,"Fresnocity",0.56,0.37,0.18,0.53,0.34,0.43
25,"Gloucestercity",0.42,0.52,0.51,0.38,0.44,0.41
6,"Lomitacity",0.26,0.63,0.55,0.3,0.28,0.45
29,"Mexicocity",0.25,0.35,0.49,0.57,0.53,0.37
1,"Jacksonvillecity",0.51,0.26,0.21,0.75,0.36,0.49
6,"Hanfordcity",0.6,0.42,0.25,0.43,0.39,0.28
6,"Oakdalecity",0.7,0.34,0.45,0.27,0.53,0.24
5,"Blythevillecity",0.57,0.43,0.59,0.42,0.66,0.28
18,"NewCastlecity",0.77,0.32,0.56,0.5,0.64,0.23
12,"Margatecity",0.31,0.3,0.24,0.21,0.3,0.3
22,"Alexandriacity",0.77,0.27,0.12,0.76,0.29,0.46
34,"Woodburycity",0.53,0.36,0.32,0.57,0.4,0.42
9,"Wiltontown",0.2,0.58,0.37,0.45,0.04,0.91
16,"Moscowcity",0.37,0.38,0.03,1,0.14,0.62
5,"ElDoradocity",0.48,0.28,0.5,0.39,0.52,0.34
40,"ElRenocity",0.51,0.21,0.21,0.33,0.54,0.28
47,"Dyersburgcity",0.47,0.35,0.9,0.25,0.86,0.29
34,"WestCaldwelltownship",0.06,0.67,0.36,0.51,0.12,0.77
48,"McAllencity",0.7,0.31,0.21,0.43,0.33,0.46
39,"Fairfieldcity",0.18,0.72,0.49,0.29,0.31,0.51
39,"Readingcity",0.28,0.55,0.63,0.27,0.53,0.35
40,"Tulsacity",0.37,0.52,0.31,0.43,0.28,0.48
6,"Montclaircity",0.49,0.56,0.54,0.27,0.64,0.22
41,"McMinnvillecity",0.27,0.44,0.44,0.44,0.47,0.34
12,"CapeCoralcity",0.24,0.35,0.12,0.35,0.28,0.33
22,"Crowleycity",0.76,0.12,0.31,0.42,0.6,0.27
51,"Harrisonburgcity",0.26,0.37,0.34,0.61,0.38,0.46
6,"Clearlakecity",0.89,0,0.04,0.36,0.43,0.22
4,"Phoenixcity",0.41,0.57,0.31,0.33,0.34,0.4
51,"Poquosoncity",0.12,0.65,0.33,0.47,0.22,0.58
25,"Methuentown",0.49,0.48,0.61,0.38,0.41,0.45
39,"Springdalecity",0.18,0.62,0.51,0.3,0.3,0.53
5,"Sherwoodcity",0.17,0.73,0.27,0.42,0.3,0.44
39,"Dublincity",0,0.76,0.37,0.5,0.04,1
34,"SomersPointcity",0.16,0.65,0.05,0.31,0.16,0.38
40,"Ardmorecity",0.51,0.3,0.28,0.48,0.47,0.35
48,"Victoriacity",0.43,0.47,0.31,0.41,0.38,0.34
23,"Scarboroughtown",0.25,0.67,0.25,0.37,0.3,0.5
48,"Canyoncity",0.35,0.56,0.06,0.84,0.23,0.53
54,"Wheelingcity",0.42,0.3,0.24,0.65,0.4,0.45
6,"LagunaBeachcity",0.04,0.74,0.21,0.58,0.06,0.86
48,"BalchSpringscity",0.3,0.68,0.41,0.1,0.54,0.16
32,"Hendersoncity",0.32,0.64,0.16,0.2,0.29,0.36
42,"Plainstownship",0.4,0.31,0.46,0.42,0.56,0.33
48,"Nacogdochescity",0.46,0.29,0.3,0.64,0.42,0.43
9,"Brookfieldtown",0.22,0.72,0.55,0.41,0.18,0.67
12,"TarponSpringscity",0.44,0.22,0.18,0.39,0.26,0.39
34,"OceanCitycity",0.26,0.44,0.08,0.41,0.15,0.54
4,"Glendalecity",0.36,0.63,0.3,0.36,0.34,0.39
55,"Neenahcity",0.24,0.57,0.94,0.32,0.68,0.34
19,"Boonecity",0.19,0.45,0.34,0.65,0.55,0.29
42,"UpperChichestertownship",0.12,0.64,0.55,0.37,0.48,0.34
25,"Swampscotttown",0.24,0.5,0.36,0.66,0.12,0.82
48,"Shermancity",0.46,0.41,0.59,0.53,0.46,0.42
45,"MountPleasanttown",0.05,0.75,0.18,0.66,0.14,0.71
54,"SouthCharlestoncity",0.27,0.42,0.25,0.57,0.23,0.51
32,"LasVegascity",0.41,0.59,0.06,0.18,0.29,0.29
55,"Wausaucity",0.21,0.48,0.53,0.43,0.51,0.38
25,"Somervillecity",0.39,0.6,0.27,0.78,0.28,0.53
39,"Tiffincity",0.4,0.41,0.61,0.53,0.6,0.33
48,"Richardsoncity",0.2,0.72,0.39,0.39,0.11,0.72
53,"Anacortescity",0.52,0.19,0.43,0.3,0.41,0.31
42,"Muhlenbergtownship",0.13,0.42,0.64,0.28,0.51,0.31
23,"Westbrookcity",0.28,0.59,0.46,0.35,0.49,0.3
25,"Danverstown",0.31,0.61,0.45,0.5,0.27,0.52
6,"Rosemeadcity",0.55,0.38,0.49,0.25,0.65,0.18
48,"Jacksonvillecity",0.58,0.28,0.62,0.53,0.78,0.32
48,"NorthRichlandHillscity",0.24,0.77,0.38,0.23,0.29,0.45
12,"MiamiBeachcity",0.59,0.18,0.12,0.38,0.23,0.47
39,"BedfordHeightscity",0.35,0.61,0.61,0.38,0.62,0.3
34,"Metuchenborough",0.14,0.63,0.39,0.59,0.22,0.74
9,"NewCanaantown",0.11,0.51,0.25,0.55,0.03,0.96
56,"RockSpringscity",0.3,0.62,0.14,0.3,0.43,0.3
42,"Yeadonborough",0.31,0.57,0.24,0.68,0.36,0.47
54,"Martinsburgcity",0.55,0.32,0.46,0.56,0.61,0.38
47,"Clarksvillecity",0.39,0.62,0.35,0.38,0.48,0.35
48,"Beltoncity",0.58,0.28,0.4,0.6,0.61,0.29
25,"FallRivercity",0.67,0.36,0.77,0.33,0.85,0.19
42,"Montgomerytownship",0.12,0.72,0.67,0.35,0.23,0.64
34,"Camdencity",1,0.16,0.43,0.53,0.72,0.15
48,"Nederlandcity",0.2,0.52,0.53,0.41,0.37,0.33
29,"RichmondHeightscity",0.22,0.61,0.25,0.76,0.18,0.77
48,"Herefordcity",0.5,0.41,0.37,0.33,0.53,0.23
9,"WindsorLockstown",0.26,0.68,0.58,0.2,0.37,0.36
6,"Milpitascity",0.28,0.64,0.99,0.14,0.41,0.47
48,"Terrellcity",0.69,0.29,0.32,0.64,0.43,0.35
55,"Menomoniecity",0.49,0.33,0.35,0.58,0.31,0.41
6,"SantaPaulacity",0.49,0.49,0.31,0.25,0.58,0.22
6,"Fairfieldcity",0.37,0.62,0.28,0.32,0.39,0.32
46,"Pierrecity",0.08,0.75,0.04,0.46,0.18,0.56
42,"Altoonacity",0.53,0.29,0.35,0.45,0.56,0.25
6,"Rialtocity",0.53,0.5,0.39,0.31,0.57,0.26
5,"Springdalecity",0.17,0.58,0.57,0.27,0.62,0.3
28,"Jacksoncity",0.58,0.44,0.19,0.61,0.35,0.44
28,"McCombcity",0.75,0.16,0.37,0.53,0.5,0.35
37,"ElizabethCitycity",0.55,0.17,0.26,0.58,0.49,0.32
9,"Suffieldtown",0.17,0.6,0.46,0.32,0.3,0.64
53,"MosesLakecity",0.4,0.4,0.43,0.39,0.48,0.37
39,"Kentcity",0.43,0.39,0.3,0.82,0.36,0.41
6,"LaPalmacity",0.09,0.77,0.5,0.33,0.2,0.61
38,"Jamestowncity",0.2,0.5,0.2,0.84,0.29,0.4
6,"LosAlamitoscity",0.23,0.64,0.37,0.43,0.25,0.59
34,"Roxburytownship",0.15,0.71,0.39,0.32,0.26,0.54
36,"Binghamtoncity",0.54,0.3,0.44,0.62,0.38,0.43
12,"PanamaCitycity",0.51,0.33,0.14,0.46,0.31,0.4
25,"Weymouthtown",0.33,0.64,0.25,0.42,0.27,0.46
18,"Jaspercity",0.08,0.67,0.96,0.27,0.68,0.33
12,"DaytonaBeachcity",0.51,0.26,0.15,0.42,0.23,0.35
51,"Hopewellcity",0.46,0.46,0.48,0.26,0.58,0.23
39,"NewPhiladelphiacity",0.55,0.38,0.63,0.28,0.71,0.26
48,"UniversityParkcity",0.12,0.44,0.1,0.75,0.01,0.94
34,"Roselleborough",0.49,0.55,0.45,0.33,0.49,0.36
45,"Sumtercity",0.32,0.56,0.43,0.44,0.51,0.38
48,"Cleburnecity",0.57,0.36,0.46,0.34,0.57,0.32
34,"Florencetownship",0.24,0.62,0.37,0.25,0.43,0.28
9,"Monroetown",0.23,0.72,0.53,0.38,0.2,0.64
34,"Aberdeentownship",0.3,0.67,0.32,0.4,0.31,0.59
6,"Maywoodcity",0.85,0.47,1,0,1,0.01
40,"PoncaCitycity",0.28,0.46,0.58,0.32,0.32,0.43
48,"Waxahachiecity",0.47,0.44,0.51,0.38,0.57,0.31
25,"Hollistontown",0.31,0.75,0.44,0.5,0.13,0.78
25,"Milfordtown",0.42,0.58,0.63,0.39,0.46,0.43
49,"CedarCitycity",0.35,0.5,0.17,0.52,0.34,0.35
34,"FairLawnborough",0.19,0.51,0.33,0.49,0.2,0.58
34,"Teanecktownship",0.26,0.62,0.29,0.74,0.2,0.71
12,"Largocity",0.2,0.25,0.31,0.31,0.33,0.33
27,"Robbinsdalecity",0.25,0.52,0.37,0.47,0.33,0.36
9,"Derbytown",0.46,0.55,0.63,0.35,0.42,0.37
6,"SanFernandocity",0.65,0.49,0.84,0.09,1,0.06
29,"Kirkwoodcity",0.14,0.54,0.34,0.66,0.15,0.73
18,"BeechGrovecity",0.24,0.5,0.41,0.39,0.49,0.25
6,"Claremontcity",0.23,0.52,0.25,0.99,0.12,0.81
29,"Washingtoncity",0.18,0.61,0.74,0.29,0.73,0.28
34,"Piscatawaytownship",0.26,0.64,0.46,0.44,0.36,0.45
41,"WestLinncity",0.1,0.73,0.28,0.46,0.17,0.69
39,"Hamiltoncity",0.52,0.35,0.54,0.32,0.58,0.24
25,"Fitchburgcity",0.61,0.38,0.63,0.41,0.58,0.32
39,"Vermilioncity",0.27,0.56,0.68,0.39,0.57,0.33
42,"Hanoverborough",0.16,0.48,0.88,0.21,0.86,0.23
9,"Torringtontown",0.29,0.56,0.66,0.4,0.5,0.36
55,"Janesvillecity",0.35,0.59,0.81,0.3,0.76,0.29
34,"Voorheestownship",0.09,0.7,0.3,0.48,0.15,0.78
48,"MountPleasantcity",0.22,0.37,0.61,0.31,0.6,0.23
37,"Sanfordcity",0.44,0.42,0.83,0.32,0.72,0.36
1,"MountainBrookcity",0.04,0.46,0.09,0.84,0.01,1
44,"Portsmouthtown",0.32,0.61,0.35,0.59,0.24,0.6
48,"PortLavacacity",0.67,0.36,0.48,0.26,0.49,0.26
12,"DelrayBeachcity",0.46,0.21,0.13,0.34,0.23,0.4
25,"Westontown",0.18,0.47,0.25,0.88,0,1
34,"Millburntownship",0.07,0.51,0.17,0.7,0.02,1
12,"Dunedincity",0.2,0.23,0.2,0.43,0.24,0.39
6,"Stocktoncity",0.7,0.31,0.26,0.45,0.45,0.35
36,"Greenburghtown",0.24,0.6,0.24,0.73,0.13,0.85
48,"Plainviewcity",0.52,0.46,0.34,0.39,0.5,0.28
34,"ElmwoodParkborough",0.29,0.51,0.53,0.2,0.4,0.3
34,"VentnorCitycity",0.16,0.52,0.04,0.22,0.13,0.35
36,"Rochestercity",0.58,0.41,0.57,0.58,0.48,0.37
53,"Redmondcity",0.12,0.81,0.41,0.29,0.2,0.64
6,"Placentiacity",0.23,0.72,0.58,0.32,0.33,0.54
35,"Hobbscity",0.49,0.34,0.1,0.27,0.45,0.33
34,"Montclairtownship",0.32,0.62,0.24,0.72,0.16,0.84
6,"Cerescity",0.68,0.41,0.51,0.25,0.65,0.22
41,"Corvalliscity",0.33,0.35,0.27,0.97,0.21,0.63
55,"MenomoneeFallsvillage",0.15,0.68,0.63,0.34,0.39,0.41
34,"NorthBergentownship",0.5,0.51,0.47,0.22,0.53,0.38
1,"Mobilecity",0.61,0.36,0.27,0.57,0.36,0.45
22,"Houmacity",0.55,0.23,0.1,0.49,0.47,0.34
12,"Oviedocity",0.18,0.77,0.38,0.42,0.22,0.58
18,"TerreHautecity",0.55,0.24,0.36,0.57,0.48,0.35
25,"Ashlandtown",0.3,0.78,0.42,0.43,0.23,0.68
8,"Arvadacity",0.3,0.73,0.36,0.35,0.31,0.47
6,"Corcorancity",0.86,0,0.15,0.3,0.61,0.21
34,"Hillsidetownship",0.39,0.64,0.41,0.36,0.57,0.32
25,"Walpoletown",0.27,0.63,0.36,0.5,0.22,0.59
6,"SanLeandrocity",0.31,0.47,0.33,0.29,0.41,0.36
9,"Watertowntown",0.3,0.65,0.68,0.49,0.43,0.46
49,"PleasantGrovecity",0.33,0.54,0.45,0.56,0.5,0.39
13,"PeachtreeCitycity",0.23,0.6,0.33,0.23,0.12,0.63
9,"Avontown",0.06,0.62,0.26,0.55,0.08,0.87
34,"Jeffersontownship",0.13,0.77,0.32,0.36,0.3,0.48
2,"Anchoragecity",0.4,0.75,0.04,0.42,0.22,0.52
25,"WestSpringfieldtown",0.3,0.54,0.43,0.4,0.39,0.39
34,"Morristowntown",0.29,0.63,0.32,0.51,0.23,0.56
27,"Northfieldcity",0.13,0.57,0.24,1,0.33,0.48
48,"Templecity",0.42,0.4,0.36,0.68,0.48,0.43
48,"SanJuancity",0.93,0.17,0.21,0.53,0.54,0.23
18,"Greenwoodcity",0.1,0.71,0.37,0.31,0.27,0.41
48,"Lamesacity",0.79,0.2,0.07,0.36,0.51,0.22
39,"Salemcity",0.3,0.36,0.81,0.3,0.8,0.2
25,"Franklintown",0.3,0.65,0.4,0.45,0.28,0.56
12,"Eustiscity",0.47,0.15,0.14,0.52,0.34,0.36
42,"Scrantoncity",0.41,0.28,0.45,0.49,0.59,0.3
6,"Oxnardcity",0.42,0.6,0.37,0.21,0.52,0.24
34,"Bergenfieldborough",0.29,0.61,0.4,0.37,0.26,0.46
6,"Perriscity",0.65,0.35,0.49,0.22,0.66,0.22
37,"Albemarlecity",0.42,0.41,1,0.21,1,0.26
47,"Memphiscity",0.58,0.42,0.26,0.45,0.47,0.36
18,"Lawrencecity",0.27,0.72,0.38,0.27,0.39,0.35
34,"RidgefieldParkvillage",0.25,0.64,0.36,0.29,0.31,0.49
34,"Hammontontown",0.26,0.47,0.28,0.29,0.42,0.31
55,"Germantownvillage",0.1,0.81,0.67,0.23,0.47,0.42
22,"Monroecity",0.83,0.21,0.19,0.75,0.32,0.48
24,"Frederickcity",0.14,0.7,0.23,0.44,0.28,0.42
53,"MountVernoncity",0.36,0.47,0.34,0.37,0.38,0.35
34,"Hillsboroughtownship",0.17,0.84,0.45,0.46,0.17,0.75
6,"Hillsboroughtown",0.09,0.38,0.19,0.58,0.01,1
6,"Orangecity",0.25,0.68,0.4,0.34,0.32,0.5
13,"Waycrosscity",0.53,0.17,0.41,0.41,0.66,0.29
39,"Mentorcity",0.2,0.66,0.67,0.3,0.34,0.48
34,"WestNewYorktown",0.57,0.48,0.75,0.1,0.91,0.19
6,"MillValleycity",0.11,0.65,0.11,0.73,0.04,0.99
48,"LiveOakcity",0.24,0.74,0.11,0.39,0.2,0.48
35,"Portalescity",0.65,0.28,0.11,0.84,0.36,0.39
42,"Fallstownship",0.25,0.66,0.48,0.35,0.44,0.31
51,"Manassascity",0.15,0.84,0.12,0.28,0.28,0.52
6,"PalosVerdesEstatescity",0.17,0.47,0.32,0.64,0.01,1
6,"Mantecacity",0.44,0.51,0.43,0.26,0.56,0.26
53,"Tacomacity",0.46,0.4,0.35,0.45,0.45,0.34
25,"Harwichtown",0.6,0.19,0.11,0.38,0.3,0.38
36,"Kingstoncity",0.33,0.44,0.48,0.51,0.33,0.38
1,"Athenscity",0.37,0.43,0.64,0.3,0.52,0.46
45,"Greercity",0.4,0.35,0.76,0.13,0.86,0.17
53,"WallaWallacity",0.61,0.26,0.23,0.61,0.38,0.38
37,"Goldsborocity",0.28,0.51,0.45,0.61,0.57,0.33
22,"LakeCharlescity",0.72,0.29,0.35,0.57,0.39,0.4
41,"Salemcity",0.4,0.36,0.25,0.53,0.32,0.47
34,"Hobokencity",0.38,0.62,0.37,0.39,0.29,0.7
36,"Syracusecity",0.53,0.33,0.27,0.73,0.36,0.45
12,"Sunrisecity",0.28,0.42,0.2,0.3,0.2,0.4
10,"Dovercity",0.21,0.61,0.31,0.54,0.32,0.49
29,"Crestwoodcity",0.23,0.48,0.33,0.49,0.15,0.62
9,"Clintontown",0.27,0.73,0.45,0.37,0.36,0.49
34,"Brigantinecity",0.24,0.66,0.03,0.11,0.14,0.38
25,"Gardnercity",0.63,0.36,0.75,0.43,0.56,0.38
34,"GlenRockborough",0.07,0.57,0.32,0.58,0.06,0.91
25,"Westwoodtown",0.29,0.53,0.26,0.66,0.08,0.85
34,"Jacksontownship",0.34,0.63,0.34,0.3,0.36,0.4
42,"Middletowntownship",0.17,0.64,0.39,0.47,0.3,0.51
28,"Starkvillecity",0.42,0.38,0.26,0.96,0.27,0.61
34,"Bridgetoncity",0.67,0.3,0.52,0.47,0.74,0.23
39,"Troycity",0.25,0.53,0.85,0.32,0.57,0.41
33,"Laconiacity",0.5,0.49,0.46,0.38,0.4,0.35
6,"AppleValleytown",0.51,0.4,0.21,0.3,0.42,0.36
25,"Pittsfieldcity",0.49,0.42,0.48,0.46,0.31,0.44
48,"Grapevinecity",0.14,0.85,0.34,0.13,0.15,0.58
34,"Haddontownship",0.07,0.49,0.26,0.55,0.2,0.54
33,"Merrimacktown",0.29,0.84,0.73,0.24,0.24,0.6
6,"Palmdalecity",0.44,0.62,0.52,0.2,0.34,0.36
6,"ElSegundocity",0.16,0.76,0.71,0.17,0.14,0.74
6,"GardenGrovecity",0.38,0.59,0.59,0.2,0.46,0.34
34,"CliffsideParkborough",0.35,0.48,0.35,0.3,0.32,0.52
22,"Shreveportcity",0.79,0.34,0.27,0.59,0.37,0.42
21,"Danvillecity",0.51,0.36,0.49,0.52,0.57,0.32
6,"Highlandcity",0.57,0.49,0.21,0.48,0.44,0.29
12,"DeerfieldBeachcity",0.27,0.21,0.17,0.22,0.25,0.37
36,"Uticacity",0.63,0.26,0.34,0.54,0.37,0.33
45,"Aikencity",0.28,0.39,0.58,0.42,0.34,0.64
6,"Fullertoncity",0.26,0.64,0.53,0.32,0.34,0.5
29,"Berkeleycity",0.82,0.51,0.55,0.37,0.61,0.17
27,"Minneapoliscity",0.42,0.56,0.3,0.62,0.33,0.51
21,"Florencecity",0.16,0.63,0.41,0.28,0.52,0.37
36,"Oneontacity",0.31,0.23,0.16,1,0.18,0.51
6,"Carpinteriacity",0.19,0.66,0.3,0.38,0.35,0.37
25,"Swanseatown",0.26,0.61,0.47,0.37,0.37,0.38
13,"Alpharettacity",0.1,0.8,0.25,0.25,0.11,0.63
9,"Windsortown",0.25,0.65,0.46,0.35,0.28,0.58
21,"Nicholasvillecity",0.3,0.62,0.39,0.34,0.53,0.19
23,"Auburncity",0.42,0.5,0.52,0.5,0.49,0.39
55,"Superiorcity",0.65,0.35,0.21,0.58,0.43,0.31
45,"WestColumbiacity",0.22,0.58,0.2,0.3,0.36,0.32
25,"Medfordcity",0.35,0.53,0.31,0.58,0.25,0.49
40,"Enidcity",0.41,0.41,0.15,0.5,0.37,0.33
6,"Pinolecity",0.25,0.64,0.28,0.38,0.28,0.41
5,"Bentoncity",0.29,0.4,0.45,0.56,0.54,0.35
40,"Stillwatercity",0.38,0.38,0.2,0.93,0.23,0.57
6,"Tracycity",0.46,0.6,0.4,0.29,0.49,0.24
34,"Totowaborough",0.2,0.42,0.48,0.32,0.29,0.4
55,"Fitchburgcity",0.05,0.91,0.22,0.57,0.19,0.57
12,"FortMyerscity",0.38,0.45,0.08,0.41,0.39,0.31
34,"Weehawkentownship",0.54,0.58,0.42,0.29,0.47,0.49
48,"CedarHillcity",0.18,0.81,0.37,0.41,0.25,0.51
48,"Lubbockcity",0.41,0.5,0.15,0.68,0.3,0.44
22,"Kennercity",0.44,0.6,0.17,0.36,0.27,0.42
56,"Sheridancity",0.35,0.45,0.1,0.61,0.39,0.33
6,"Montebellocity",0.42,0.42,0.49,0.3,0.55,0.31
1,"Jaspercity",0.32,0.23,0.25,0.49,0.5,0.4
40,"Edmondcity",0.2,0.69,0.14,0.58,0.16,0.67
55,"BeaverDamcity",0.23,0.51,0.71,0.36,0.75,0.24
53,"Kelsocity",0.69,0.31,0.56,0.3,0.71,0.19
35,"Roswellcity",0.4,0.31,0.36,0.45,0.52,0.36
51,"Chesapeakecity",0.23,0.63,0.32,0.37,0.34,0.41
6,"RanchoCucamongacity",0.28,0.69,0.41,0.3,0.3,0.48
16,"IdahoFallscity",0.27,0.59,0.19,0.68,0.29,0.59
55,"Monroecity",0.22,0.61,0.59,0.46,0.61,0.32
9,"Waterfordtown",0.24,0.5,0.48,0.52,0.26,0.54
12,"HainesCitycity",0.93,0.28,0.12,0.22,0.57,0.16
39,"Bexleycity",0.1,0.6,0.16,0.86,0.1,0.87
35,"Gallupcity",0.35,0.57,0.09,0.51,0.3,0.45
40,"BrokenArrowcity",0.19,0.73,0.33,0.41,0.27,0.48
24,"Laurelcity",0.07,0.96,0.17,0.45,0.17,0.65
48,"Missioncity",0.84,0.11,0.18,0.44,0.45,0.27
55,"Sheboygancity",0.31,0.54,0.89,0.3,0.8,0.27
47,"JohnsonCitycity",0.41,0.37,0.44,0.55,0.39,0.47
39,"Greenvillecity",0.44,0.34,0.77,0.36,0.82,0.29
48,"DeSotocity",0.22,0.8,0.28,0.37,0.22,0.58
37,"Ashevillecity",0.33,0.38,0.39,0.5,0.44,0.43
39,"ForestParkcity",0.3,0.71,0.48,0.38,0.38,0.49
55,"WisconsinRapidscity",0.45,0.34,0.78,0.3,0.63,0.23
39,"SevenHillscity",0.24,0.34,0.44,0.34,0.35,0.41
34,"Lakewoodtownship",0.46,0.22,0.31,0.53,0.43,0.41
45,"Columbiacity",0.35,0.46,0.13,0.72,0.25,0.55
48,"Rowlettcity",0.14,0.87,0.42,0.32,0.23,0.56
24,"Cumberlandcity",0.72,0.12,0.21,0.62,0.47,0.32
6,"Alamedacity",0.17,0.7,0.23,0.45,0.24,0.6
25,"Nortontown",0.29,0.68,0.56,0.5,0.36,0.43
49,"BrighamCitycity",0.45,0.47,0.9,0.3,0.35,0.53
5,"ForrestCitycity",1,0.14,0.38,0.56,0.54,0.37
4,"Chandlercity",0.25,0.78,0.53,0.31,0.31,0.5
32,"Sparkscity",0.26,0.74,0.17,0.26,0.37,0.32
36,"Amsterdamcity",0.6,0.3,0.54,0.48,0.56,0.33
36,"Canandaiguacity",0.43,0.49,0.43,0.57,0.41,0.43
42,"Brentwoodborough",0.26,0.42,0.19,0.37,0.32,0.34
6,"LaPuentecity",0.62,0.46,0.66,0.2,0.81,0.13
13,"Hinesvillecity",0.49,0.68,0.15,0.39,0.39,0.42
55,"Ashwaubenonvillage",0.18,0.78,0.53,0.31,0.49,0.4
24,"Salisburycity",0.34,0.54,0.35,0.45,0.42,0.37
25,"Somersettown",0.38,0.5,0.44,0.53,0.38,0.42
6,"Paramountcity",0.67,0.47,0.74,0.16,0.89,0.12
49,"Roycity",0.21,0.72,0.39,0.2,0.4,0.4
34,"Marlborotownship",0.2,0.56,0.23,0.55,0.12,0.77
6,"Piedmontcity",0.02,0.57,0.13,0.96,0.03,1
34,"Dumontborough",0.22,0.58,0.35,0.35,0.29,0.46
2,"Fairbankscity",0.57,0.69,0.05,0.54,0.29,0.39
47,"Brentwoodcity",0.14,0.61,0.3,0.55,0.05,0.91
6,"Azusacity",0.54,0.56,0.56,0.28,0.65,0.23
48,"Gainesvillecity",0.41,0.32,0.48,0.4,0.6,0.31
48,"DeerParkcity",0.31,0.67,0.63,0.34,0.35,0.39
55,"WhitefishBayvillage",0.05,0.64,0.27,0.84,0.03,1
12,"Kissimmeecity",0.33,0.7,0.09,0.1,0.31,0.26
48,"Humblecity",0.3,0.69,0.21,0.26,0.35,0.29
8,"Denvercity",0.42,0.53,0.2,0.51,0.32,0.5
9,"NewBritaintown",0.51,0.47,0.53,0.35,0.51,0.33
34,"Randolphtownship",0.16,0.72,0.45,0.48,0.14,0.81
6,"Hollistercity",0.75,0.52,0.47,0.26,0.51,0.24
23,"Oronotown",0.28,0.22,0.1,1,0.12,0.59
55,"ChippewaFallscity",0.43,0.37,0.68,0.51,0.62,0.33
53,"MercerIslandcity",0.15,0.5,0.27,0.64,0.05,0.98
4,"Mesacity",0.29,0.55,0.42,0.36,0.3,0.42
36,"Buffalocity",0.8,0.27,0.36,0.63,0.49,0.34
34,"Walltownship",0.24,0.58,0.2,0.51,0.24,0.54
25,"EastLongmeadowtown",0.24,0.52,0.36,0.5,0.25,0.52
1,"Gadsdencity",0.55,0.18,0.62,0.36,0.75,0.26
9,"Middletowntown",0.24,0.63,0.42,0.61,0.28,0.5
12,"PuntaGordacity",0.2,0,0.13,0.47,0.26,0.5
49,"SouthOgdencity",0.26,0.53,0.27,0.52,0.23,0.6
9,"Bridgeporttown",0.72,0.41,0.59,0.39,0.6,0.25
48,"TexasCitycity",0.53,0.42,0.47,0.46,0.43,0.28
34,"Wyckofftownship",0.07,0.55,0.42,0.51,0.14,0.83
33,"Nashuacity",0.37,0.69,0.74,0.28,0.33,0.53
21,"Radcliffcity",0.66,0.55,0.1,0.37,0.31,0.33
50,"Burlingtoncity",0.39,0.51,0.21,0.67,0.21,0.5
25,"SouthHadleytown",0.16,0.56,0.38,0.69,0.3,0.48
48,"Lufkincity",0.39,0.37,0.48,0.56,0.54,0.38
42,"Kingstonborough",0.21,0.34,0.33,0.62,0.32,0.49
34,"Lindenwoldborough",0.38,0.73,0.32,0.36,0.39,0.35
34,"Ewingtownship",0.19,0.52,0.3,0.58,0.28,0.51
48,"Angletoncity",0.3,0.58,0.53,0.33,0.42,0.33
33,"Goffstowntown",0.34,0.59,0.34,0.5,0.31,0.44
34,"GloucesterCitycity",0.36,0.45,0.54,0.28,0.62,0.2
18,"Speedwaytown",0.1,0.6,0.33,0.46,0.34,0.41
6,"TwentyninePalms-MorongoValle",0.45,0.32,0.08,0.33,0.32,0.29
55,"Mequoncity",0.12,0.62,0.4,0.63,0.17,0.82
40,"Yukoncity",0.28,0.72,0.37,0.32,0.38,0.36
55,"SouthMilwaukeecity",0.26,0.54,0.71,0.37,0.52,0.28
6,"SanRamoncity",0.11,0.87,0.31,0.28,0.1,0.69
34,"SouthBrunswicktownship",0.17,0.81,0.39,0.43,0.18,0.69
24,"Annapoliscity",0.32,0.66,0.09,0.54,0.17,0.61
22,"Natchitochescity",1,0.17,0.22,0.81,0.38,0.38
25,"Barnstabletown",0.46,0.4,0.19,0.37,0.25,0.45
21,"Madisonvillecity",0.61,0.28,0.28,0.62,0.45,0.37
5,"Arkadelphiacity",0.34,0.32,0.19,1,0.34,0.52
28,"Brandoncity",0.17,0.64,0.16,0.53,0.18,0.63
42,"LowerMorelandtownship",0.11,0.5,0.26,0.68,0.12,0.8
55,"Wauwatosacity",0.07,0.51,0.35,0.71,0.19,0.71
6,"BaldwinParkcity",0.55,0.47,0.7,0.16,0.88,0.14
12,"Lauderhillcity",0.33,0.42,0.21,0.44,0.29,0.39
40,"Adacity",0.55,0.28,0.29,0.67,0.4,0.44
42,"NorthHuntingdontownship",0.39,0.4,0.43,0.45,0.34,0.41
19,"Marshalltowncity",0.24,0.49,0.59,0.52,0.45,0.39
37,"Havelockcity",0.32,0.83,0.15,0.26,0.22,0.29
25,"Wilmingtontown",0.37,0.69,0.49,0.38,0.34,0.43
34,"Freeholdborough",0.41,0.58,0.26,0.48,0.44,0.44
5,"Texarkanacity",0.46,0.32,0.42,0.44,0.58,0.28
37,"Laurinburgcity",0.86,0.21,0.85,0.44,0.75,0.31
36,"Ryecity",0.1,0.52,0.21,0.53,0.04,0.88
8,"Northglenncity",0.31,0.7,0.38,0.26,0.53,0.29
32,"BoulderCitycity",0.26,0.28,0.12,0.31,0.31,0.46
37,"Boonetown",0.5,0.19,0.09,0.66,0.18,0.51
6,"Cerritoscity",0.18,0.66,0.48,0.38,0.19,0.63
18,"EastChicagocity",1,0.17,0.77,0.37,0.84,0.15
41,"Hillsborocity",0.22,0.66,0.65,0.27,0.45,0.34
19,"Davenportcity",0.4,0.5,0.39,0.4,0.49,0.37
34,"Spartatownship",0.2,0.65,0.26,0.48,0.1,0.75
48,"Friendswoodcity",0.19,0.75,0.45,0.46,0.16,0.7
48,"HarkerHeightscity",0.24,0.66,0.14,0.64,0.3,0.53
53,"Sunnysidecity",1,0.28,0.25,0.4,0.57,0.22
48,"Beevillecity",0.84,0.3,0.16,0.46,0.29,0.29
5,"Magnoliacity",0.43,0.36,0.53,0.48,0.55,0.34
6,"GrandTerracecity",0.23,0.68,0.19,0.69,0.28,0.65
39,"Strongsvillecity",0.18,0.7,0.48,0.4,0.24,0.6
48,"Arlingtoncity",0.29,0.78,0.43,0.29,0.29,0.5
25,"Westboroughtown",0.24,0.64,0.55,0.41,0.21,0.71
44,"SouthKingstowntown",0.31,0.44,0.22,0.74,0.18,0.54
12,"FortLauderdalecity",0.42,0.43,0.17,0.34,0.31,0.39
6,"Gilroycity",0.51,0.6,0.46,0.3,0.52,0.32
48,"McKinneycity",0.35,0.47,0.49,0.27,0.48,0.34
51,"ColonialHeightscity",0.2,0.53,0.36,0.33,0.32,0.41
48,"Carrolltoncity",0.2,0.89,0.42,0.24,0.21,0.6
48,"Orangecity",0.54,0.25,0.55,0.51,0.46,0.38
9,"Enfieldtown",0.21,0.64,0.61,0.21,0.4,0.37
34,"Pequannocktownship",0.18,0.65,0.39,0.38,0.22,0.55
51,"Christiansburgtown",0.21,0.6,0.59,0.48,0.55,0.39
51,"Suffolkcity",0.45,0.42,0.5,0.38,0.57,0.32
9,"Stoningtontown",0.29,0.56,0.65,0.37,0.3,0.5
6,"TempleCitycity",0.26,0.51,0.32,0.39,0.29,0.46
48,"Laredocity",0.77,0.27,0.08,0.4,0.43,0.31
32,"Renocity",0.33,0.65,0.11,0.29,0.29,0.38
34,"FortLeeborough",0.27,0.47,0.3,0.48,0.09,0.82
39,"Brecksvillecity",0.19,0.45,0.46,0.52,0.17,0.9
6,"Burlingamecity",0.12,0.59,0.18,0.36,0.18,0.58
29,"Beltoncity",0.33,0.73,0.38,0.28,0.48,0.25
51,"VirginiaBeachcity",0.2,0.76,0.16,0.41,0.23,0.48
21,"Elizabethtowncity",0.39,0.43,0.33,0.46,0.4,0.49
37,"Reidsvillecity",0.38,0.33,0.91,0.37,0.83,0.34
45,"Easleycity",0.31,0.53,0.7,0.29,0.64,0.36
13,"WarnerRobinscity",0.33,0.6,0.23,0.25,0.32,0.37
12,"Tampacity",0.41,0.46,0.2,0.41,0.38,0.39
33,"Dovercity",0.34,0.64,0.48,0.4,0.34,0.45
29,"Gladstonecity",0.14,0.68,0.35,0.32,0.31,0.42
6,"CostaMesacity",0.22,0.78,0.43,0.31,0.26,0.49
42,"Penntownship",0.35,0.47,0.46,0.45,0.37,0.46
48,"Seguincity",0.58,0.33,0.56,0.39,0.67,0.23
5,"NorthLittleRockcity",0.32,0.43,0.24,0.41,0.38,0.39
47,"Murfreesborocity",0.36,0.56,0.44,0.47,0.44,0.43
48,"Snydercity",0.51,0.35,0.1,0.44,0.42,0.28
56,"Gillettecity",0.31,0.74,0,0.39,0.5,0.34
12,"Nicevillecity",0.35,0.6,0.16,0.39,0.27,0.53
48,"BayCitycity",0.51,0.4,0.25,0.3,0.4,0.39
39,"Bellefontainecity",0.51,0.47,0.78,0.25,0.77,0.21
25,"Marshfieldtown",0.41,0.69,0.21,0.43,0.2,0.57
33,"Lebanoncity",0.14,0.67,0.32,0.78,0.33,0.46
53,"Edmondscity",0.15,0.61,0.29,0.5,0.21,0.57
42,"Calntownship",0.13,0.58,0.52,0.42,0.46,0.43
34,"Collingswoodborough",0.18,0.6,0.29,0.58,0.21,0.56
8,"Westminstercity",0.22,0.83,0.37,0.3,0.34,0.45
9,"Newtowntown",0.26,0.63,0.51,0.46,0.17,0.66
51,"Leesburgtown",0.06,0.84,0.19,0.33,0.18,0.54
6,"Glendalecity",0.44,0.46,0.31,0.45,0.24,0.54
27,"Shakopeecity",0.26,0.72,0.63,0.27,0.58,0.31
38,"Fargocity",0.22,0.65,0.12,0.64,0.32,0.47
55,"Muskegocity",0.13,0.77,0.63,0.27,0.47,0.37
29,"CreveCoeurcity",0.04,0.51,0.33,0.69,0.01,1
6,"Lancastercity",0.44,0.49,0.43,0.34,0.32,0.44
25,"Leicestertown",0.33,0.63,0.4,0.51,0.41,0.44
12,"Ocalacity",0.45,0.29,0.3,0.42,0.36,0.4
40,"Miamicity",0.6,0.19,0.41,0.56,0.45,0.35
51,"NewportNewscity",0.36,0.59,0.46,0.36,0.37,0.4
34,"Maplewoodtownship",0.17,0.65,0.27,0.61,0.11,0.8
12,"Melbournecity",0.39,0.41,0.46,0.31,0.32,0.41
45,"MyrtleBeachcity",0.22,0.7,0.09,0.19,0.21,0.41
56,"GreenRivercity",0.31,0.58,0.29,0.33,0.53,0.36
12,"VeroBeachcity",0.45,0.15,0.14,0.4,0.2,0.4
25,"Pepperelltown",0.32,0.71,0.75,0.31,0.37,0.61
42,"Richlandtownship",0.35,0.16,0.27,0.51,0.34,0.52
6,"Richmondcity",0.63,0.43,0.23,0.51,0.35,0.43
42,"Doylestowntownship",0.08,0.39,0.45,0.54,0.19,0.64
42,"Butlertownship",0.3,0.31,0.62,0.48,0.45,0.46
42,"Centertownship",0.26,0.48,0.33,0.38,0.38,0.39
21,"Jeffersontowncity",0.12,0.76,0.39,0.41,0.31,0.52
29,"Joplincity",0.36,0.4,0.41,0.45,0.48,0.34
9,"Vernontown",0.17,0.74,0.49,0.33,0.33,0.45
25,"Lexingtontown",0.17,0.57,0.36,0.89,0.04,1
6,"Berkeleycity",0.33,0.51,0.12,1,0.11,0.86
49,"AmericanForkcity",0.37,0.49,0.35,0.6,0.43,0.43
6,"Atascaderocity",0.21,0.62,0.15,0.57,0.27,0.39
48,"Pharrcity",1,0.07,0.23,0.4,0.52,0.23
39,"Lebanoncity",0.05,0.57,0.4,0.35,0.44,0.36
39,"Mariettacity",0.43,0.35,0.31,0.72,0.37,0.52
12,"NorthMiamicity",0.54,0.51,0.19,0.43,0.33,0.33
40,"Durantcity",0.71,0.22,0.3,0.65,0.49,0.39
12,"Leesburgcity",0.5,0.24,0.24,0.5,0.41,0.3
18,"Dyertown",0.16,0.67,0.54,0.38,0.41,0.32
51,"Norfolkcity",0.37,0.56,0.21,0.43,0.4,0.34
6,"Norwalkcity",0.41,0.49,0.65,0.22,0.65,0.22
42,"WestChesterborough",0.34,0.56,0.25,0.6,0.34,0.41
34,"Bricktownship",0.33,0.46,0.26,0.37,0.34,0.36
53,"Ellensburgcity",0.53,0.29,0.07,0.79,0.38,0.35
9,"Wallingfordtown",0.24,0.64,0.54,0.41,0.38,0.43
22,"Rustoncity",0.73,0.19,0.2,0.9,0.27,0.56
48,"MissouriCitycity",0.16,0.81,0.24,0.53,0.15,0.68
39,"Miamitownship",0.13,0.7,0.55,0.37,0.39,0.51
9,"Wethersfieldtown",0.17,0.45,0.25,0.48,0.2,0.6
49,"SouthSaltLakecity",0.51,0.55,0.38,0.25,0.64,0.2
34,"Millvillecity",0.4,0.49,0.6,0.32,0.54,0.28
6,"Pasadenacity",0.39,0.51,0.23,0.68,0.24,0.65
37,"HighPointcity",0.31,0.57,0.79,0.23,0.74,0.3
47,"Bartletttown",0.08,0.78,0.28,0.39,0.23,0.5
34,"MountHollytownship",0.44,0.46,0.35,0.44,0.52,0.29
9,"Sheltontown",0.24,0.64,0.62,0.32,0.3,0.51
6,"YorbaLindacity",0.11,0.81,0.44,0.36,0.16,0.71
53,"Bellevuecity",0.13,0.69,0.38,0.37,0.15,0.68
12,"SouthDaytonacity",0.37,0.36,0.16,0.33,0.23,0.35
25,"Bournetown",0.38,0.46,0.18,0.47,0.22,0.43
48,"Bellairecity",0.11,0.69,0.17,0.64,0.07,0.86
6,"Chicocity",0.61,0.36,0.16,0.61,0.23,0.41
39,"Bucyruscity",0.64,0.31,0.92,0.26,0.8,0.23
45,"Greenvillecity",0.34,0.49,0.4,0.57,0.44,0.48
42,"WestHempfieldtownship",0.09,0.74,0.73,0.34,0.56,0.42
39,"Portsmouthcity",0.79,0.04,0.26,0.59,0.4,0.38
33,"Exetertown",0.35,0.6,0.35,0.68,0.28,0.63
19,"MasonCitycity",0.21,0.51,0.44,0.53,0.53,0.33
53,"Lynnwoodcity",0.25,0.66,0.35,0.36,0.37,0.32
25,"Pembroketown",0.46,0.71,0.25,0.38,0.25,0.41
29,"UniversityCitycity",0.4,0.57,0.29,0.9,0.25,0.74
48,"Burkburnettcity",0.52,0.46,0.63,0.4,0.69,0.34
34,"NewBrunswickcity",0.59,0.41,0.35,0.65,0.43,0.35
18,"NewAlbanycity",0.44,0.42,0.49,0.42,0.57,0.33
34,"Lodiborough",0.45,0.51,0.53,0.15,0.47,0.32
48,"Rosenbergcity",0.38,0.56,0.34,0.41,0.53,0.18
29,"Warrensburgcity",0.53,0.3,0.16,0.82,0.23,0.46
36,"Newburghcity",0.81,0.37,0.54,0.51,0.68,0.25
9,"Darientown",0.15,0.54,0.3,0.35,0.06,0.86
37,"Wilmingtoncity",0.38,0.41,0.31,0.42,0.42,0.37
9,"NorthBranfordtown",0.12,0.74,0.41,0.49,0.26,0.51
6,"Woodlandcity",0.51,0.55,0.24,0.49,0.45,0.33
53,"DesMoinescity",0.23,0.54,0.52,0.19,0.39,0.35
6,"ElCerritocity",0.18,0.44,0.18,0.9,0.13,0.85
28,"Greenvillecity",0.87,0.28,0.45,0.46,0.56,0.34
29,"Moberlycity",0.56,0.34,0.36,0.51,0.54,0.32
25,"Marbleheadtown",0.16,0.66,0.28,0.6,0.07,0.83
29,"Springfieldcity",0.34,0.44,0.31,0.51,0.42,0.34
34,"PomptonLakesborough",0.18,0.66,0.54,0.3,0.4,0.48
1,"Hoovercity",0.09,0.7,0.16,0.55,0.07,0.78
6,"Irvinecity",0.16,0.73,0.38,0.55,0.08,0.83
49,"Clearfieldcity",0.4,0.48,0.4,0.15,0.53,0.28
48,"Andrewscity",0.45,0.39,0.22,0.34,0.64,0.31
12,"DeLandcity",0.48,0.15,0.25,0.67,0.47,0.45
34,"Hanovertownship",0.13,0.63,0.41,0.4,0.18,0.61
38,"WestFargocity",0.22,0.86,0.24,0.34,0.42,0.25
25,"Graftontown",0.38,0.6,0.59,0.43,0.32,0.5
34,"Patersoncity",0.76,0.46,0.69,0.29,0.87,0.15
13,"Brunswickcity",0.63,0.3,0.29,0.25,0.44,0.21
40,"Sapulpacity",0.34,0.4,0.41,0.37,0.54,0.31
40,"OklahomaCitycity",0.45,0.52,0.25,0.39,0.37,0.4
9,"EastHartfordtown",0.31,0.6,0.46,0.19,0.41,0.31
18,"Andersoncity",0.53,0.39,0.63,0.36,0.65,0.23
28,"Gulfportcity",0.5,0.34,0.23,0.49,0.43,0.41
13,"Thomasvillecity",0.41,0.37,0.47,0.71,0.55,0.4
22,"BossierCitycity",0.46,0.54,0.21,0.42,0.31,0.35
34,"EastBrunswicktownship",0.2,0.68,0.38,0.54,0.2,0.72
34,"Deptfordtownship",0.29,0.56,0.39,0.29,0.48,0.27
48,"Pearlandcity",0.14,0.73,0.4,0.36,0.23,0.48
34,"Newarkcity",1,0.28,0.47,0.38,0.79,0.16
48,"PortNechescity",0.35,0.45,0.59,0.47,0.39,0.4
51,"Petersburgcity",0.55,0.33,0.34,0.58,0.61,0.23
28,"OceanSpringscity",0.43,0.49,0.45,0.48,0.25,0.46
12,"Naplescity",0.13,0.04,0.09,0.41,0.12,0.63
51,"Winchestercity",0.27,0.56,0.46,0.34,0.54,0.38
38,"GrandForkscity",0.29,0.61,0.11,0.74,0.31,0.49
48,"Rockwallcity",0.25,0.62,0.36,0.43,0.14,0.72
54,"Parkersburgcity",0.52,0.26,0.44,0.43,0.52,0.33
47,"Greenevilletown",0.6,0.32,0.73,0.4,0.61,0.41
54,"Morgantowncity",0.52,0.17,0.11,1,0.15,0.69
29,"CapeGirardeaucity",0.4,0.45,0.27,0.63,0.34,0.41
55,"Racinecity",0.49,0.47,0.8,0.34,0.63,0.3
21,"Frankfortcity",0.3,0.55,0.27,0.34,0.33,0.52
4,"Peoriacity",0.26,0.46,0.26,0.35,0.29,0.38
37,"RoanokeRapidscity",0.44,0.43,0.52,0.28,0.53,0.3
46,"Watertowncity",0.33,0.56,0.5,0.42,0.5,0.3
34,"Raritantownship",0.09,0.78,0.43,0.4,0.19,0.67
12,"Orlandocity",0.25,0.66,0.17,0.3,0.29,0.42
48,"Vidorcity",0.4,0.35,0.35,0.33,0.45,0.26
42,"Berwickborough",0.61,0.28,0.87,0.21,0.96,0.14
55,"Appletoncity",0.2,0.6,0.59,0.45,0.46,0.46
42,"WestMifflinborough",0.47,0.31,0.24,0.57,0.38,0.32
48,"Kingsvillecity",0.7,0.31,0.21,0.61,0.36,0.42
42,"Astontownship",0.16,0.63,0.51,0.39,0.36,0.43
45,"Charlestoncity",0.3,0.46,0.15,0.64,0.24,0.51
51,"Salemcity",0.08,0.5,0.37,0.46,0.51,0.37
25,"Clintontown",0.31,0.57,0.81,0.33,0.53,0.42
6,"LaHabracity",0.33,0.63,0.52,0.27,0.43,0.38
6,"Vacavillecity",0.28,0.47,0.24,0.28,0.35,0.33
23,"Lewistoncity",0.48,0.46,0.6,0.44,0.61,0.25
25,"Lawrencecity",1,0.27,0.83,0.31,0.71,0.23
28,"Greenwoodcity",0.77,0.23,0.38,0.53,0.53,0.45
34,"Lindencity",0.42,0.44,0.55,0.26,0.55,0.27
34,"RoselleParkborough",0.32,0.63,0.49,0.36,0.41,0.42
25,"Foxboroughtown",0.28,0.66,0.44,0.48,0.29,0.58
6,"Beniciacity",0.22,0.71,0.26,0.42,0.22,0.6
6,"CulverCitycity",0.22,0.63,0.29,0.59,0.19,0.68
34,"Eveshamtownship",0.09,0.8,0.32,0.45,0.14,0.63
45,"Summervilletown",0.23,0.62,0.33,0.43,0.38,0.46
6,"Victorvillecity",0.67,0.31,0.23,0.24,0.45,0.28
39,"Piquacity",0.47,0.46,0.91,0.24,0.9,0.2
48,"Levellandcity",0.43,0.41,0.04,0.5,0.48,0.3
5,"Bentonvillecity",0.18,0.52,0.41,0.17,0.67,0.27
4,"Tempecity",0.3,0.68,0.35,0.48,0.24,0.57
25,"Quincycity",0.44,0.57,0.21,0.49,0.25,0.47
39,"Barbertoncity",0.57,0.28,0.68,0.3,0.64,0.18
9,"Naugatucktown",0.3,0.66,0.69,0.33,0.5,0.37
39,"Springfieldtownship",0.32,0.36,0.57,0.4,0.52,0.43
34,"PointPleasantborough",0.25,0.51,0.19,0.48,0.23,0.43
25,"Chelmsfordtown",0.31,0.73,0.63,0.45,0.18,0.71
18,"Warsawcity",0.17,0.58,0.92,0.25,0.69,0.32
49,"SouthJordancity",0.15,0.7,0.32,0.39,0.32,0.46
1,"Prattvillecity",0.31,0.58,0.38,0.28,0.39,0.35
40,"SandSpringscity",0.32,0.55,0.54,0.31,0.47,0.37
6,"Dixoncity",0.54,0.57,0.26,0.42,0.43,0.33
53,"Kentcity",0.23,0.77,0.7,0.17,0.42,0.39
48,"Bedfordcity",0.17,0.86,0.34,0.25,0.16,0.56
12,"Tamaraccity",0.35,0.01,0.19,0.29,0.19,0.38
34,"PalisadesParkborough",0.32,0.54,0.41,0.28,0.37,0.47
21,"Louisvillecity",0.54,0.34,0.36,0.53,0.48,0.36
23,"Bangorcity",0.35,0.5,0.14,0.69,0.26,0.49
34,"Keansburgborough",0.76,0.43,0.3,0.29,0.62,0.17
6,"Pomonacity",0.6,0.47,0.61,0.26,0.73,0.27
29,"WebsterGrovescity",0.19,0.52,0.32,0.71,0.13,0.81
39,"Wilmingtoncity",0.41,0.47,0.44,0.51,0.61,0.39
6,"Ridgecrestcity",0.27,0.72,0.15,0.38,0.16,0.7
12,"Gulfportcity",0.35,0.13,0.24,0.39,0.42,0.3
34,"Cinnaminsontownship",0.22,0.53,0.43,0.4,0.19,0.57
6,"SouthElMontecity",0.79,0.41,0.98,0.06,1,0.05
24,"Westminstercity",0.19,0.55,0.31,0.45,0.35,0.42
48,"Brownwoodcity",0.64,0.23,0.46,0.49,0.59,0.27
36,"Beaconcity",0.46,0.42,0.53,0.33,0.43,0.32
48,"SouthHoustoncity",0.54,0.47,0.3,0.07,0.66,0.07
6,"SuisunCitycity",0.47,0.63,0.29,0.25,0.38,0.27
6,"SantaBarbaracity",0.26,0.58,0.24,0.53,0.22,0.5
6,"FountainValleycity",0.21,0.7,0.49,0.32,0.18,0.62
6,"ThousandOakscity",0.2,0.69,0.39,0.39,0.15,0.65
6,"ElCentrocity",0.98,0.3,0.12,0.51,0.36,0.4
55,"Cudahycity",0.28,0.57,0.61,0.34,0.6,0.27
34,"MountOlivetownship",0.18,0.83,0.39,0.29,0.26,0.54
29,"Grandviewcity",0.28,0.74,0.37,0.34,0.39,0.34
29,"Hazelwoodcity",0.21,0.73,0.59,0.27,0.28,0.47
34,"Readingtontownship",0.11,0.75,0.44,0.36,0.22,0.7
34,"Garfieldcity",0.39,0.5,0.65,0.13,0.66,0.23
34,"Warrentownship",0.22,0.6,0.3,0.44,0.1,0.77
42,"EastNorritontownship",0.06,0.62,0.46,0.39,0.24,0.58
29,"BellefontaineNeighborscity",0.29,0.29,0.43,0.32,0.39,0.39
19,"Newtoncity",0.21,0.49,0.82,0.35,0.55,0.3
34,"Berkeleytownship",0.47,0,0.19,0.41,0.35,0.28
33,"Berlincity",0.58,0.32,0.7,0.38,0.73,0.2
35,"Alamogordocity",0.49,0.45,0.13,0.43,0.31,0.39
36,"Cortlandcity",0.39,0.3,0.48,0.75,0.46,0.45
54,"Charlestoncity",0.47,0.31,0.16,0.57,0.2,0.61
6,"Tustincity",0.25,0.8,0.45,0.31,0.29,0.48
47,"Smyrnatown",0.29,0.65,0.63,0.12,0.6,0.23
4,"ApacheJunctioncity",0.43,0.14,0.28,0.23,0.5,0.17
6,"Novatocity",0.12,0.72,0.16,0.43,0.19,0.55
13,"Lawrencevillecity",0.23,0.7,0.3,0.2,0.41,0.37
6,"Westminstercity",0.34,0.59,0.57,0.21,0.42,0.4
41,"Ashlandcity",0.38,0.44,0.13,0.74,0.19,0.63
34,"Hopewelltownship",0.06,0.6,0.25,0.8,0.08,0.87
18,"FortWaynecity",0.38,0.56,0.49,0.34,0.53,0.34
25,"Oxfordtown",0.42,0.6,0.52,0.29,0.47,0.33
6,"SantaClaritacity",0.17,0.77,0.43,0.31,0.22,0.54
6,"Camarillocity",0.18,0.52,0.37,0.37,0.22,0.57
39,"Conneautcity",0.75,0.25,0.87,0.31,0.8,0.2
6,"SanDiegocity",0.34,0.57,0.3,0.47,0.23,0.53
34,"Hazlettownship",0.3,0.61,0.28,0.36,0.31,0.37
37,"Concordcity",0.22,0.52,0.64,0.25,0.72,0.27
5,"LittleRockcity",0.31,0.55,0.21,0.63,0.29,0.55
5,"Jacksonvillecity",0.38,0.65,0.28,0.3,0.46,0.31
45,"GooseCreekcity",0.12,0.72,0.38,0.28,0.42,0.32
38,"Willistoncity",0.35,0.49,0.03,0.51,0.3,0.35
39,"ClevelandHeightscity",0.27,0.58,0.26,1,0.23,0.79
6,"SantaMariacity",0.5,0.47,0.26,0.23,0.45,0.21
36,"Poughkeepsiecity",0.44,0.44,0.48,0.69,0.35,0.46
36,"MountVernoncity",0.47,0.48,0.25,0.62,0.33,0.43
18,"Indianapoliscity",0.33,0.58,0.35,0.41,0.39,0.42
6,"RedwoodCitycity",0.19,0.66,0.36,0.36,0.28,0.47
25,"Westfordtown",0.32,0.74,0.69,0.44,0.22,0.78
34,"RedBankborough",0.37,0.45,0.21,0.62,0.35,0.55
6,"SanFranciscocity",0.38,0.53,0.18,0.52,0.24,0.57
45,"Caycecity",0.28,0.57,0.26,0.36,0.41,0.27
1,"Decaturcity",0.34,0.48,0.7,0.32,0.49,0.44
6,"Redlandscity",0.27,0.53,0.19,0.73,0.23,0.62
39,"Englewoodcity",0.14,0.58,0.51,0.47,0.32,0.47
37,"Tarborotown",0.24,0.47,0.71,0.35,0.71,0.36
53,"Kirklandcity",0.17,0.77,0.37,0.33,0.23,0.55
25,"Arlingtontown",0.25,0.61,0.3,0.8,0.13,0.77
47,"Maryvillecity",0.4,0.28,0.32,0.57,0.38,0.47
9,"Betheltown",0.3,0.72,0.57,0.31,0.26,0.58
34,"Rahwaycity",0.31,0.57,0.51,0.34,0.39,0.36
25,"Tauntoncity",0.58,0.53,0.58,0.39,0.65,0.29
9,"Hamdentown",0.2,0.56,0.3,0.69,0.2,0.58
42,"SpringGardentownship",0.12,0.42,0.46,0.57,0.24,0.62
13,"ForestParkcity",0.39,0.54,0.26,0.1,0.69,0.12
39,"Maumeecity",0.26,0.66,0.4,0.51,0.37,0.45
1,"AlexanderCitycity",0.27,0.43,1,0.17,0.93,0.24
9,"Southingtontown",0.2,0.69,0.53,0.38,0.33,0.46
44,"Burrillvilletown",0.38,0.55,0.53,0.53,0.52,0.31
28,"Columbuscity",0.61,0.36,0.58,0.38,0.57,0.32
12,"TempleTerracecity",0.12,0.71,0.17,0.68,0.14,0.7
6,"Seasidecity",0.24,0.77,0.1,0.41,0.22,0.24
9,"Waterburytown",0.5,0.46,0.63,0.4,0.54,0.32
25,"Walthamcity",0.37,0.57,0.44,0.57,0.27,0.48
6,"Ontariocity",0.47,0.58,0.53,0.2,0.6,0.24
